,age,disabl,emps,empstab,female_child_married,female_circumcised,female_contraceptives_decision,female_healthcare_decision,female_labour_participation_rate,female_unemployment_rate,female_violence_emotional,female_violence_physical,female_violence_sexual,hlthins,household_size,hrswk,hrswksc,immigr,lit,mart_d,n_other_employed,numwrk,p_middle_class,p_poor_population,secjob,sex,socsec,tenure,totwag,unempdur,yeduc,water_productivity,surface_water_mean,ground_water_mean,supply_demand_ratio,water_supply,water_demand,gdp_pc,rwi_median,precipitation,potentialevapotransporation,drain_length,canal_length,cattle,chicken,goats,sheeps,fraction_small,fraction_medium,fraction_large,arable_km2_scaled,producer_price,rural_population,salinity,corrected_yield_pp,corrected_yield_Alfalfa for forage,corrected_yield_Maize (incl. 0067 and 0068),"corrected_yield_Rice, paddy",corrected_yield_Sugar cane,corrected_yield_Wheat,hectares_Alfalfa for forage,hectares_Maize (incl. 0067 and 0068),"hectares_Rice, paddy",hectares_Sugar cane,hectares_Wheat,arable_km2
age,1.0,,,-0.27824485215782446,-0.071314129142791,-0.008906703303618998,-0.3616664818259712,-0.20031829204030996,-0.3191596379930049,0.03891507119127212,0.2504847004133026,-0.023515615252180343,-0.03901006911480639,-0.10911631640874353,-0.3082427187280329,-0.24390926952806422,,-0.16341060475522734,-0.5146239162619676,-0.4980871084150202,-0.1597563261688553,,-0.026019412783725042,0.026855682572026068,-0.13838020185201777,,-0.11560120255859896,-0.3421093231438948,-0.023209922294972343,,-0.40876472544281517,0.6561408322093323,0.21134780535561826,0.07869201593516938,-0.20430443636919954,0.24834839121041252,0.24770377998784393,-0.2824475503501984,0.5368981508901625,-0.19586722057180248,0.17906711571691988,0.3236080349080989,0.2931303259188859,0.1582294151442853,0.11485246458619734,0.13151363262409704,0.19084114296420568,0.5038267377449579,-0.49420049495808227,-0.2342807250732639,0.5324636726638851,0.27273362084079034,-0.3698927150187583,-0.20729182705578295,0.0561241492560466,0.04812304617909816,-0.10668660702701621,0.3792830554370522,0.6853189716087307,-0.025156845028282377,0.022429794716132528,-0.10821130839592279,0.30036697843439336,0.6849734709786264,-0.03416696261312897,0.22264385959652588
disabl,,,,,,,,,,,,,,,,,,,,,,,,,,,,,,,,,,,,,,,,,,,,,,,,,,,,,,,,,,,,,,,,,,
emps,,,,,,,,,,,,,,,,,,,,,,,,,,,,,,,,,,,,,,,,,,,,,,,,,,,,,,,,,,,,,,,,,,
empstab,-0.27824485215782446,,,1.0,0.11897921323075289,0.18469324627116468,-0.02647385086089158,-0.0753593774954782,-0.013906056901814007,0.3536322163595153,-0.24073978908235666,-0.025187204231412363,0.14144808322447067,-0.2861016761771501,0.10613908997349465,0.40154334182726253,,0.28813174282974624,-0.3292877709094917,0.7698273008354022,0.12330441530741482,,-0.23159387822618008,0.22703956210432805,0.10884474033752654,,-0.1572801055652525,0.6432338482927031,-0.35785781516319093,,-0.34482420431840033,-0.5439807524678363,0.07664668976685532,0.3311917834102198,0.43817319399200744,-0.08348490847060835,-0.08648374641972081,0.10096681788600262,0.09304630559083782,-0.3004665651034632,0.24447923862683832,0.3229419327243804,0.48440592212983774,0.3127468958103845,0.4572152313441733,0.2412901884614481,0.18476942406847505,0.3268310723562524,-0.31561384479452176,-0.04509149652235909,-0.3845021269204658,-0.35427640700794694,0.20109809227380193,0.06591743525232535,0.4643942532712731,0.4628370443556475,0.49508725990552904,-0.2501541775825063,-0.6579045370432722,0.34386467088346223,0.48977503259714394,0.5621249263598282,-0.15316847431443972,-0.6641429978846651,0.3485282146188468,-0.392566410661353
female_child_married,-0.071314129142791,,,0.11897921323075289,1.0,0.10370071535976408,0.3296313862298081,0.05204066440765625,-0.062130074093247986,-0.21139792220783957,-0.1319461332226868,0.016414564006527493,-0.1301127342860064,-0.22334918429288106,0.3016857224669397,-0.012961693627087724,,0.11777568145039467,-0.30369894335064485,0.039044183524438426,0.1426060794499632,,-0.3256102940841855,0.3942037018568995,0.01252318071326149,,0.21733991008397868,-0.07470660395780819,-0.2510907194505987,,-0.2201128084622446,-0.14431335541023155,-0.18918591679412033,-0.529051682274346,0.24834142629049996,-0.07742751690432066,-0.09096414795797658,-0.20646865190044575,-0.47391597795233437,-0.1899446327540541,0.23417527046774056,0.2654837054158202,0.07307649151883398,-0.28243071288578553,-0.22896455418222925,-0.05430308565462526,-0.1042770858475131,0.1646818343707454,-0.13155904206102448,0.18259140367600152,-0.24956427086322042,-0.4246928102945972,0.3947558043629001,0.46718549281633365,-0.2510865408823157,-0.2959269446292542,-0.11532474357751804,0.08223423184163182,-0.08782680494122444,0.15429544775567602,-0.21811155914812302,0.10651891995596839,0.0603997371124037,-0.09087719831071872,0.20357556415357175,0.00528650402454046
female_circumcised,-0.008906703303618998,,,0.18469324627116468,0.10370071535976408,1.0,0.03358303377648617,-0.43244099485424914,-0.4391826627961421,0.42432408185715076,0.06605070509999274,0.1964840990013853,0.27714228337711444,-0.13908278967366877,0.5244947572227386,-0.48870834071930774,,0.512432678716805,-0.02720214915437327,-0.353857459737292,0.18636236253332306,,-0.5850539034603087,0.5798405199372145,-0.10010360229908673,,-0.06317914391336928,-0.16103245544804842,-0.3932686448433509,,-0.013152542736616899,0.2764608898128903,0.582488230572789,0.2780322539116967,0.3530721898542123,-0.5607859660204868,-0.5689019934319783,0.10119397223414574,0.011011182871912457,-0.748334021234483,0.8085267572578552,-0.3128943142156578,0.4744687025833882,0.5343844447600115,0.3723374529421616,0.7198126374029247,0.7212028023381418,0.1509394263483273,-0.17637545718598246,-0.31151403064051447,0.325191119945293,-0.6495484435071002,-0.21442799484813016,0.006795745827716818,0.20513451976438646,0.09368388386340254,0.5543649809419828,0.3317878468469889,-0.1541858080842216,0.6200453096691437,0.19586163330608608,0.6043891915921044,0.21398967917700346,-0.15124055849746162,0.6157774528289848,0.37698331256183626
female_contraceptives_decision,-0.3616664818259712,,,-0.02647385086089158,0.3296313862298081,0.03358303377648617,1.0,-0.005596299658910433,0.2360404397190055,-0.28380701956381055,-0.26006685728589213,-0.16450208047647194,-0.2633207768177748,0.20761157682242082,0.30712137635650555,0.017319874835899564,,0.17926457348038943,0.4009882162206077,-0.007382038172098789,0.357643255150217,,0.03680618658539204,-0.016345385334816314,0.31406911399409365,,0.3052174772818119,0.35903035231500124,0.18790413592873176,,0.5193352797462081,-0.330843033284044,-0.17266938487452022,-0.24011422342338898,0.19653544655116592,-0.03428036646124313,-0.022440641444756423,0.6591311550832196,-0.27121108609113315,0.09671623537830355,-0.13508119371742303,-0.2750931671181115,-0.2373507592657161,-0.12165688957592206,-0.1505892499428791,-0.13730033532362867,-0.175397597237763,-0.08602497328204999,0.07528401481339578,-0.08030161119930863,-0.37277230594089333,-0.03510245050556272,0.34744275854511625,0.07884437521947404,-0.05032344295241403,-0.03764754505887157,-0.10832669764963693,-0.08375123804235182,-0.2518406056940238,-0.017613244283767763,-0.02834929670079818,-0.024658572072561624,-0.01966218816966751,-0.25259359154576005,0.0026030681945565953,-0.4084324265748847
female_healthcare_decision,-0.20031829204030996,,,-0.0753593774954782,0.05204066440765625,-0.43244099485424914,-0.005596299658910433,1.0,0.2578687380678842,-0.32870957158949765,-0.3980181143990471,-0.4407704299051566,-0.48712002621447553,0.11572050259238148,-0.21235341809576608,0.6800996739391247,,-0.2656703339832441,-0.11706760788281081,0.26244988146476567,-0.2156552324836542,,0.3808606545833597,-0.3582385141965295,0.35298918523729156,,0.10908713314274703,0.140554097482442,0.2360130350043278,,-0.1084966680352563,-0.11925322887734073,-0.5971319585738907,-0.47915570713828615,-0.3493580255537159,0.3365554697302602,0.33071658713450075,-0.05606829651162672,-0.08706058361713138,0.27690130712585664,-0.45856028988138847,0.4024780646818716,-0.38960356607962193,-0.48206397340100926,-0.2830258741874653,-0.6156379914525226,-0.6318091329240222,-0.10856888418800818,0.06360824957783724,-0.14901219274146368,-0.17349298958888573,0.32002064666341795,0.11911704010068913,0.33783952841895004,-0.3050325474483808,-0.23974465709069137,-0.4676885430604229,-0.08558118433923781,0.0668543678472602,-0.5119534005041292,-0.2504395914036731,-0.41097918845272247,-0.021618156999211338,0.059855096112799655,-0.49425276705447263,-0.343625495831078
female_labour_participation_rate,-0.3191596379930049,,,-0.013906056901814007,-0.062130074093247986,-0.4391826627961421,0.2360404397190055,0.2578687380678842,1.0,-0.24012224155741757,-0.6584224735984352,-0.4331385063223891,-0.4800481732284957,0.10446312349084473,-0.10565926011166307,0.1176270125442583,,-0.2410361089732858,0.1928852618056221,0.20830915947994297,0.20945083961885994,,0.40233545443513385,-0.38173566553425714,0.2284105265410305,,-0.05071227771829798,0.20848747796553974,0.2783576008250152,,0.3109959265987098,-0.35960491116422855,-0.5876465245300425,-0.15217126738575393,-0.01399055981082691,0.03661272689365023,0.043035876836921394,0.4653371634199978,-0.43032083882415645,0.5856357432265709,-0.5625854317021184,-0.07190267313731487,-0.5571489391414912,-0.35789598054847616,-0.3929123099908067,-0.5509593126124932,-0.5409911602039952,-0.4932722848320234,0.5757480871747571,0.6314349766622345,-0.5324228896410456,0.2199705172507199,0.6644389423913469,-0.06616817530534297,-0.35718535636026977,-0.27937107168520336,-0.37105256521179447,-0.29236390713259547,-0.24921856544201276,-0.6290565344079215,-0.37042469270644895,-0.44783498769334745,-0.2248489944843694,-0.2547563396803506,-0.6458580385957491,-0.1645691752178848
female_unemployment_rate,0.03891507119127212,,,0.3536322163595153,-0.21139792220783957,0.42432408185715076,-0.28380701956381055,-0.32870957158949765,-0.24012224155741757,1.0,0.2548266243451308,0.323538862639447,0.31708159607377506,-0.12171069624242259,-0.17627677575243828,-0.08514101392752291,,0.15194108581616536,-0.25147651549141664,0.15779382012858342,-0.38941813409961396,,0.016211365626089637,-0.04090637996019164,-0.39189136627583776,,-0.2105440080364301,0.20078547357478904,-0.09934875244726458,,-0.23448387303041934,0.35776481959606077,0.25897155387959586,0.265172760451664,0.11011087934678977,-0.3520853905932468,-0.34837769475871105,-0.007895750643562412,0.3902704077892381,-0.3653732218485427,0.29508036351074857,0.22761440682553125,0.31393038071085566,0.32113011484583887,0.41428869969500437,0.271867908675643,0.2663808788753007,0.1859352546295149,-0.20991829441067797,-0.2011329032795118,0.17800148745489908,-0.23279883677375784,-0.1757346769905159,-0.04715925304825626,0.07988731048495282,0.046156322846860824,0.27215060719686957,0.10697515335709434,-0.2323214328942118,0.1426077476527591,0.057553899644380416,0.21995885417232774,0.10870915227897546,-0.23125085676378868,0.12063610983550374,0.174384144285862
female_violence_emotional,0.2504847004133026,,,-0.24073978908235666,-0.1319461332226868,0.06605070509999274,-0.26006685728589213,-0.3980181143990471,-0.6584224735984352,0.2548266243451308,1.0,0.8265182931078522,0.5681004637372393,0.1219448705912962,-0.020906798964500345,-0.17467930159639425,,-0.17295418694444256,0.05664025272612417,-0.1601135861806881,-0.15271679866254212,,-0.2047738099677154,0.1934291889632002,-0.5445717910479511,,0.09497736427209735,-0.12143389357223525,0.12104777273232017,,-0.13672741097367078,0.3939987534677322,0.6034233391505177,0.23001180403975557,0.1511281809684954,-0.09346400011158121,-0.09452890363588447,-0.39964563360659866,0.3380547716440975,-0.25197210926137364,0.27351539844031064,-0.13745590896704865,0.3706757481040355,0.27077348781920957,0.3087407686574674,0.4444576182866221,0.39269312711175963,0.19299869341908746,-0.22238627083738818,-0.26502744855410587,0.2988893817474417,0.06879490743880269,-0.41972436434628424,-0.1737668593034958,0.24634675897861133,0.18837978899281196,0.3349445559310903,0.006200054157947084,0.3139246933726401,0.48212620431754943,0.21084380084129054,0.30039692572180515,0.03494041441276425,0.31930329366273225,0.4729885416523142,0.07579687678552696
female_violence_physical,-0.023515615252180343,,,-0.025187204231412363,0.016414564006527493,0.1964840990013853,-0.16450208047647194,-0.4407704299051566,-0.4331385063223891,0.323538862639447,0.8265182931078522,1.0,0.723158360180095,0.19972840240247056,0.21638813536433255,-0.13729467244360927,,0.12835138454774694,0.03275793883570533,-0.025068930836418264,0.1201000120659731,,-0.36555218752946417,0.36742978635030005,-0.5501796862539639,,0.16531170049433572,0.014566241941586905,-0.05554084399460804,,-0.1950094559317293,0.10754623412657832,0.5349712751959629,0.19131313244649353,0.32844917360467996,-0.4150237803029769,-0.4227494951142256,-0.16870844098261367,0.04352365891833804,-0.3632810289895833,0.39009587379710364,-0.22422781230651184,0.34147965248982415,0.2926881003687802,0.3557639993078429,0.48643493577998487,0.3929073167496678,-0.038712672244616685,0.025591606934320204,-0.022200502027895683,0.07964845975563307,-0.3165072194700394,-0.17172052420211137,0.02448361062336048,0.10182434948030827,0.015696728564924958,0.44030892818833695,0.008241326342591301,-0.009543704070855991,0.5048955786735387,0.0848644175175353,0.45328118542845247,0.09299928021222015,-0.008693190018805783,0.5006438680165626,-0.005555649834795043
female_violence_sexual,-0.03901006911480639,,,0.14144808322447067,-0.1301127342860064,0.27714228337711444,-0.2633207768177748,-0.48712002621447553,-0.4800481732284957,0.31708159607377506,0.5681004637372393,0.723158360180095,1.0,0.1840788426232814,0.2668112976785198,-0.06793443576214435,,0.3596569810184547,-0.09981257875771012,-0.0006608463246381485,0.12221655476254152,,-0.2763174062737339,0.2596149860109664,-0.49822233813898137,,0.23770173441129497,-0.10136033914142951,-0.21701611759237693,,-0.3083787772924753,-0.02574084972578488,0.49811864805157674,0.27384073624060645,0.03237853634495652,-0.22128531766798265,-0.23187170756822978,-0.16117641284424267,0.007611898499800382,-0.37570198979482894,0.3791167449404019,-0.3457043340040142,0.23168000374380807,0.4513054491388528,0.5158897046382559,0.5062180588367444,0.4718668533050381,-0.16796425314916424,0.13047526375545523,0.05831922197804529,0.2998658285274097,-0.35233426256277167,-0.44950905651161666,0.28301468457495926,0.11638148193485642,0.031914366777031355,0.36996906151039743,0.25266087381896596,-0.21798694465894636,0.47393311311391606,0.15731052636274986,0.4222093422790139,0.33264934265178736,-0.2093249788114314,0.49133894233621744,0.09801349363193511
hlthins,-0.10911631640874353,,,-0.2861016761771501,-0.22334918429288106,-0.13908278967366877,0.20761157682242082,0.11572050259238148,0.10446312349084473,-0.12171069624242259,0.1219448705912962,0.19972840240247056,0.1840788426232814,1.0,0.30110484227349615,0.2747771368781844,,-0.14727265580381715,0.28444743186729715,-0.0681479337300036,0.40996444385351744,,0.43747565451842707,-0.46147225333693537,-0.16723864049937612,,0.812581938706207,0.07864828983883747,0.6163915279304149,,0.2620094247197497,-0.12158127629381624,-0.1908240432550789,-0.22871990651225127,-0.2838993239355066,-0.04180325024110816,-0.0408264396395328,0.5354848339272427,-0.1975689917532407,0.13421187210455957,-0.34410270857917524,-0.45188376448402784,-0.4746292370270501,-0.06413452290312818,0.08622827029506178,-0.27618261933561167,-0.29808270750276256,-0.46179997350893426,0.4041849799986392,-0.19249424171353502,-0.15041336694207377,0.15460994736752873,-0.09745928410269498,0.21376925513206002,-0.2795800113589481,-0.2500924249720513,-0.30428723963573223,0.025970925378748018,-0.26978554851538605,-0.320678505673896,-0.20762553773322348,-0.270250539489237,0.15832964703457905,-0.2687624531032011,-0.30471761923992136,-0.15742653114290311
household_size,-0.3082427187280329,,,0.10613908997349465,0.3016857224669397,0.5244947572227386,0.30712137635650555,-0.21235341809576608,-0.10565926011166307,-0.17627677575243828,-0.020906798964500345,0.21638813536433255,0.2668112976785198,0.30110484227349615,1.0,-0.17675587268416632,,0.4004036293571034,0.02627623102672513,-0.18827945650569528,0.8062965835695008,,-0.589750358164817,0.5568204587518513,-0.19794751425948023,,0.4221617455542142,-0.17769781990947675,-0.09024020717458651,,-0.04198540826035956,-0.25085029323656755,0.2229782115192374,-0.04955197055182566,0.43380752772651016,-0.3290898506343129,-0.3414221038654023,0.23055960863353342,-0.5164075133289572,-0.516580909129062,0.5390957806478542,-0.6040909650642111,0.1276250967042041,0.08033954446765341,-0.001249064220322679,0.37153844948274956,0.284555477571471,-0.39178762278288454,0.36368266107109715,-0.11020062958685914,-0.2329472526560781,-0.4195765486157891,0.0856625420784566,0.26457635356169645,0.08197758536046913,0.013779936772509232,0.3971919252230819,-0.14131194785329054,-0.32970568648924997,0.4633559828407334,0.10897787344435778,0.520715294871817,-0.15749731098393668,-0.32972362930975596,0.48366197755655793,-0.10623042689180662
hrswk,-0.24390926952806422,,,0.40154334182726253,-0.012961693627087724,-0.48870834071930774,0.017319874835899564,0.6800996739391247,0.1176270125442583,-0.08514101392752291,-0.17467930159639425,-0.13729467244360927,-0.06793443576214435,0.2747771368781844,-0.17675587268416632,1.0,,-0.25274589684940446,-0.24996204721947032,0.7199898945904236,-0.11908541206392638,,0.409294427481949,-0.4047026469210273,0.2872846794965085,,0.30373941124752846,0.5040215126348166,0.35068583241044404,,-0.25469965873356,-0.4401100371508213,-0.514135100482884,-0.33456651427726514,-0.18344692763934614,0.26675923074378843,0.2669734177862985,0.10300798661121614,-0.03788228927300839,0.23790667269807655,-0.4849359327224992,0.3985250336996185,-0.24615734431987923,-0.31203542651891586,0.04400691382046637,-0.5207836415742891,-0.5916132044644117,-0.00742340943981786,-0.04694262647318259,-0.17745635385938774,-0.45014824020400074,0.2176396846774177,0.1546432256888106,0.39625691488833786,-0.12163278023082316,-0.05152866304546015,-0.279300076923715,-0.298867753077651,-0.38693862510731364,-0.3451324250802876,-0.049196537328641196,-0.1914630237048129,-0.10016773099222676,-0.3934488748875213,-0.3187815667296682,-0.5802007459206154
hrswksc,,,,,,,,,,,,,,,,,,,,,,,,,,,,,,,,,,,,,,,,,,,,,,,,,,,,,,,,,,,,,,,,,,
immigr,-0.16341060475522734,,,0.28813174282974624,0.11777568145039467,0.512432678716805,0.17926457348038943,-0.2656703339832441,-0.2410361089732858,0.15194108581616536,-0.17295418694444256,0.12835138454774694,0.3596569810184547,-0.14727265580381715,0.4004036293571034,-0.25274589684940446,,1.0,-0.10477935798652126,-0.1454884897775076,0.3294049735261768,,-0.5466130831283197,0.5141385410074183,-0.003089992187899471,,-0.11051843527005224,-0.0038247890387274955,-0.7520730226283715,,-0.19761511667632145,-0.2356678849312844,0.24205988717059437,0.18292045962321052,0.12947052364475362,-0.2917306701238667,-0.2996030665972494,0.16703439323142077,0.03432428690290781,-0.5477755960931929,0.5760482414175337,-0.08922038689970685,0.31842869364257687,0.2824480576810686,0.20924235617997644,0.41497599064984975,0.40611324801671117,-0.024384483941203853,-0.022385340891210317,-0.13038269370835243,0.2190721941546588,-0.6165513456144076,-0.2376041377434726,0.21249675212607635,0.1788110754496026,0.10840844469838681,0.3872984407402804,0.3151493507275557,-0.16637488585939061,0.37903857574241256,0.21354528977486745,0.4725098333361709,0.26419113039366454,-0.1682576343661955,0.3914606142648783,-0.10115282773647331
lit,-0.5146239162619676,,,-0.3292877709094917,-0.30369894335064485,-0.02720214915437327,0.4009882162206077,-0.11706760788281081,0.1928852618056221,-0.25147651549141664,0.05664025272612417,0.03275793883570533,-0.09981257875771012,0.28444743186729715,0.02627623102672513,-0.24996204721947032,,-0.10477935798652126,1.0,-0.06907881861664465,0.0855813894642392,,0.24607183896284043,-0.24500330869004078,0.1428109109668982,,0.12037852541517882,0.1549916798649302,0.26769501392637224,,0.9299845816807144,-0.21875664832063957,0.09682641314518517,0.1937986284127454,-0.03776914944189882,-0.08772244577188999,-0.07568982248294945,0.41203945958797866,-0.15661157318879898,0.36906513955597914,-0.2995771827842704,-0.618696743220698,-0.3119958219374896,0.12986116211204665,-0.02227662451465013,0.007939776302601112,0.05088934208866685,-0.2628037832379729,0.27483384947041906,0.07745630078829935,-0.06661197273676313,0.09339656625053808,0.024870589178550135,-0.3292477881322197,0.10614769819075667,0.12526341391510248,0.006648048334349604,-0.06892821829376052,-0.1421467861732964,0.0004349443673737755,0.10227378709024607,-0.10941862327558793,-0.06214111187955312,-0.13688720767301793,-0.014900497338933682,0.1110600372483861
mart_d,-0.4980871084150202,,,0.7698273008354022,0.039044183524438426,-0.353857459737292,-0.007382038172098789,0.26244988146476567,0.20830915947994297,0.15779382012858342,-0.1601135861806881,-0.025068930836418264,-0.0006608463246381485,-0.0681479337300036,-0.18827945650569528,0.7199898945904236,,-0.1454884897775076,-0.06907881861664465,1.0,-0.09851558838674271,,0.2215609666696427,-0.21154916300238513,0.15380615976703965,,-0.008154072376132512,0.744378649343476,0.047557362286776886,,-0.12060220691403539,-0.6725241802441441,-0.26462055844742205,0.08095654964286005,0.20386877397833422,0.11224725202515404,0.114598504508931,0.05915863393488574,-0.02978058858154393,0.21579716862762116,-0.31767563302975493,0.37365985114315503,0.06542411737587034,-0.04040879519259433,0.2204942200871013,-0.21897153205240863,-0.2840196870957358,0.12041402697515341,-0.10768346618952157,0.10857052225390414,-0.6082424440985682,-0.01195330001418409,0.3461509910131584,0.09928876510254668,0.22961311756738892,0.28659885361240395,0.12075822705810299,-0.4707941114946939,-0.6604700054673532,-0.0341894681463006,0.26522302188429003,0.1429689144061218,-0.2932161992846312,-0.6662013754216988,-0.026479563791050136,-0.5077991233870763
n_other_employed,-0.1597563261688553,,,0.12330441530741482,0.1426060794499632,0.18636236253332306,0.357643255150217,-0.2156552324836542,0.20945083961885994,-0.38941813409961396,-0.15271679866254212,0.1201000120659731,0.12221655476254152,0.40996444385351744,0.8062965835695008,-0.11908541206392638,,0.3294049735261768,0.0855813894642392,-0.09851558838674271,1.0,,-0.41599703829356693,0.39578575531367016,-0.07024069068930361,,0.3679659347287195,0.06056172488902487,-0.06678689035447434,,0.021919466129171575,-0.4575460252976888,0.15919357851780375,0.14489645472459836,0.4474269521338223,-0.1854696184867596,-0.19351706986191414,0.4416906512486392,-0.37545129939526545,-0.2505895899657274,0.27746124824841134,-0.5372212477686436,0.10690240087133152,0.14443991675214354,0.05224004865645457,0.2621692890151956,0.19062089647905006,-0.34163484686895107,0.35663097944379085,0.07209450555201805,-0.35751901604558667,-0.23011803562119282,0.2260312051192371,-0.008742693276875197,0.1863933670660821,0.16112374399548388,0.35089013262945706,-0.19856989048446366,-0.2822642843113791,0.2751871996799611,0.20184458654787663,0.41477194816025875,-0.15094954398503063,-0.2863453182660464,0.2791183366759924,-0.35817797601249024
numwrk,,,,,,,,,,,,,,,,,,,,,,,,,,,,,,,,,,,,,,,,,,,,,,,,,,,,,,,,,,,,,,,,,,
p_middle_class,-0.026019412783725042,,,-0.23159387822618008,-0.3256102940841855,-0.5850539034603087,0.03680618658539204,0.3808606545833597,0.40233545443513385,0.016211365626089637,-0.2047738099677154,-0.36555218752946417,-0.2763174062737339,0.43747565451842707,-0.589750358164817,0.409294427481949,,-0.5466130831283197,0.24607183896284043,0.2215609666696427,-0.41599703829356693,,1.0,-0.9898995472219767,0.09688488546537727,,0.31383287465349424,0.23463613884232282,0.6462163303510343,,0.3723395066211514,0.020893133918283215,-0.5847720336804652,-0.2712323949323213,-0.6734240642001152,0.40336365672408464,0.4161835130016611,0.29388366801070825,0.07833762403261019,0.6724559482482648,-0.8663969632198492,0.1376060203050349,-0.6852985911750535,-0.24742422127933408,-0.06633645577205659,-0.7274755972972604,-0.6439958684969237,-0.14144822150015823,0.13449911874049195,0.07549357041879448,-0.04532176901382456,0.5662709696774336,-0.008892643029219808,0.08248382617307104,-0.36767853886766755,-0.2596645627135506,-0.7423478938668839,0.09317109157997956,-0.10981115157711573,-0.7961862131826388,-0.31245402589910726,-0.7947289213423979,0.19576924059173945,-0.10676717221613054,-0.7883038614870339,0.019384266226639746
p_poor_population,0.026855682572026068,,,0.22703956210432805,0.3942037018568995,0.5798405199372145,-0.016345385334816314,-0.3582385141965295,-0.38173566553425714,-0.04090637996019164,0.1934291889632002,0.36742978635030005,0.2596149860109664,-0.46147225333693537,0.5568204587518513,-0.4047026469210273,,0.5141385410074183,-0.24500330869004078,-0.21154916300238513,0.39578575531367016,,-0.9898995472219767,1.0,-0.054414774313792415,,-0.32059225057868557,-0.2114383234162822,-0.661405994398857,,-0.36211578833533825,-0.02451345793795081,0.5919058171561529,0.2571927021030988,0.6979553189605084,-0.4293559937484499,-0.44340233097769244,-0.3083624504498555,-0.10514820048244047,-0.6394470472566192,0.8469809844681463,-0.10676530761438376,0.6851983133754473,0.2621784005231693,0.08148398541350683,0.731293577242093,0.6488781569811392,0.17515969042981144,-0.1573016997276572,-0.0144616099615985,0.038987292577578665,-0.6069911162541136,0.06501078967357403,-0.07853651871067109,0.3322571209890648,0.21914264034608413,0.724597608592591,-0.05486533523706869,0.10662988689986239,0.7956393039404811,0.27664632407198225,0.7836212348876154,-0.14979758615561656,0.10377577609879106,0.7890778073980397,-0.006508842581397458
secjob,-0.13838020185201777,,,0.10884474033752654,0.01252318071326149,-0.10010360229908673,0.31406911399409365,0.35298918523729156,0.2284105265410305,-0.39189136627583776,-0.5445717910479511,-0.5501796862539639,-0.49822233813898137,-0.16723864049937612,-0.19794751425948023,0.2872846794965085,,-0.003089992187899471,0.1428109109668982,0.15380615976703965,-0.07024069068930361,,0.09688488546537727,-0.054414774313792415,1.0,,-0.28199352889299756,0.15771124678394688,-0.027948183195139965,,0.30275620648761037,-0.36118920976899704,-0.2881720450377838,-0.14330541786574455,0.0409237723436659,-0.1716908064463531,-0.15946180895068052,0.26047132882216545,-0.13070375694070854,0.42483885386716086,-0.3476248601239746,0.1537529082186464,-0.2076650133090861,-0.2499211698281887,-0.31003442085868976,-0.2690745990209888,-0.2625525212230013,0.11484283413933888,-0.1107394960736011,0.024217244339387756,-0.3175834920563174,-0.14952084691391462,0.4258000682634873,-0.1881589084251883,-0.15495388282188055,-0.117783392778626,-0.18486748179207102,-0.19808054501576222,-0.14427530901960103,-0.24734940999798097,-0.18575953166488246,-0.23540591576265532,-0.21493468089611703,-0.14797323547481497,-0.25861119476325817,-0.1276979574646264
sex,,,,,,,,,,,,,,,,,,,,,,,,,,,,,,,,,,,,,,,,,,,,,,,,,,,,,,,,,,,,,,,,,,
socsec,-0.11560120255859896,,,-0.1572801055652525,0.21733991008397868,-0.06317914391336928,0.3052174772818119,0.10908713314274703,-0.05071227771829798,-0.2105440080364301,0.09497736427209735,0.16531170049433572,0.23770173441129497,0.812581938706207,0.4221617455542142,0.30373941124752846,,-0.11051843527005224,0.12037852541517882,-0.008154072376132512,0.3679659347287195,,0.31383287465349424,-0.32059225057868557,-0.28199352889299756,,1.0,0.03913203125743745,0.5143412881911655,,0.125628198471735,-0.1395892226723708,-0.2626193519266674,-0.45373738597460933,-0.3315294544329582,0.17851857025745105,0.17114773608513587,0.365154720174052,-0.3654723562385242,-0.07515901732610202,-0.168455847149434,-0.35607974194207614,-0.4075238456032675,-0.07327856372798318,0.1287347686231755,-0.2566492120501302,-0.2731341419995268,-0.28823884795365656,0.23566788867798577,-0.18536002891531292,-0.09610069366413199,0.07777465917814746,-0.15091512463788864,0.5986887270167658,-0.26340480476550143,-0.2550148460226706,-0.36053297692503966,0.20728175446541508,-0.2981933016836673,-0.15666053424444923,-0.13854046947596352,-0.16625703384042068,0.33508439581692673,-0.29592600525072027,-0.09922416186202335,-0.07747659466419918
tenure,-0.3421093231438948,,,0.6432338482927031,-0.07470660395780819,-0.16103245544804842,0.35903035231500124,0.140554097482442,0.20848747796553974,0.20078547357478904,-0.12143389357223525,0.014566241941586905,-0.10136033914142951,0.07864828983883747,-0.17769781990947675,0.5040215126348166,,-0.0038247890387274955,0.1549916798649302,0.744378649343476,0.06056172488902487,,0.23463613884232282,-0.2114383234162822,0.15771124678394688,,0.03913203125743745,1.0,0.06650085535736001,,0.1316010146828382,-0.49606612428080266,-0.014811064541802272,0.31427844406676575,0.2809615157978359,0.0991452853140206,0.10619193323928296,0.4700954748508235,0.28227534095543905,0.0395877939553767,-0.20064784134493502,0.24890646472117156,0.21550898317306794,0.3154284460577884,0.5067353488559354,-0.003867827891932922,-0.04746084926723913,0.331935261677363,-0.3226815675197015,-0.14094666324539878,-0.40649265946799057,0.05637780715300864,0.21875741355877024,-0.13366046855343602,0.43251277237755437,0.4771260067503127,0.24585600819973702,-0.1949301037067566,-0.5016699134588776,0.06729458446502963,0.4657029105014604,0.25940118711814053,0.004498570383564419,-0.5090556462175087,0.06265458637393766,-0.6643099348741122
totwag,-0.023209922294972343,,,-0.35785781516319093,-0.2510907194505987,-0.3932686448433509,0.18790413592873176,0.2360130350043278,0.2783576008250152,-0.09934875244726458,0.12104777273232017,-0.05554084399460804,-0.21701611759237693,0.6163915279304149,-0.09024020717458651,0.35068583241044404,,-0.7520730226283715,0.26769501392637224,0.047557362286776886,-0.06678689035447434,,0.6462163303510343,-0.661405994398857,-0.027948183195139965,,0.5143412881911655,0.06650085535736001,1.0,,0.38281211667967396,0.13981396685391234,-0.3921783152161667,-0.3710153347828591,-0.2729947029782343,0.18450042332687988,0.19827628123695135,0.34570351318061876,-0.17023456266892617,0.4424513188714239,-0.6089457462079627,-0.2478296715379025,-0.5985332741728483,-0.3514692567887647,-0.22178179908640136,-0.5362887194757829,-0.5531077472161667,-0.3022692077897826,0.28350433466583447,-0.109579457758354,-0.3028044200387144,0.5965127449544633,0.1484772650634474,0.031125220895779213,-0.3377601439177788,-0.26265673022730224,-0.5020100661341389,-0.2881901536751735,-0.06145728941829628,-0.501925094860357,-0.32833860294192035,-0.5376751749504272,-0.18151375557036256,-0.059856367705446036,-0.5005240048906685,-0.054823847519716265
unempdur,,,,,,,,,,,,,,,,,,,,,,,,,,,,,,,,,,,,,,,,,,,,,,,,,,,,,,,,,,,,,,,,,,
yeduc,-0.40876472544281517,,,-0.34482420431840033,-0.2201128084622446,-0.013152542736616899,0.5193352797462081,-0.1084966680352563,0.3109959265987098,-0.23448387303041934,-0.13672741097367078,-0.1950094559317293,-0.3083787772924753,0.2620094247197497,-0.04198540826035956,-0.25469965873356,,-0.19761511667632145,0.9299845816807144,-0.12060220691403539,0.021919466129171575,,0.3723395066211514,-0.36211578833533825,0.30275620648761037,,0.125628198471735,0.1316010146828382,0.38281211667967396,,1.0,-0.14288008307547795,-0.07309949660862303,0.04144961708079027,-0.0942550824187333,-0.09550134433339022,-0.0782342032220367,0.5384682574555807,-0.20699484515590755,0.45980691358234294,-0.3997755207149349,-0.5419702175361487,-0.43724539448632677,0.014283776985426608,-0.14889420621819327,-0.14767153386214874,-0.08484203030009481,-0.2103321562843245,0.23265936536284743,0.08876451436067255,-0.12886551750404465,0.11914091278628579,0.16798166189114894,-0.32357082974985907,-0.04979266830358133,-0.014114604892287892,-0.18378045548709604,-0.049515596122139176,-0.16186684793311554,-0.17890834717302154,-0.06040547697613976,-0.2917742944042281,-0.06591818684549236,-0.15684309527024273,-0.19255039113652375,0.19804908418452918
water_productivity,0.6561408322093323,,,-0.5439807524678363,-0.14431335541023155,0.2764608898128903,-0.330843033284044,-0.11925322887734073,-0.35960491116422855,0.35776481959606077,0.3939987534677322,0.10754623412657832,-0.02574084972578488,-0.12158127629381624,-0.25085029323656755,-0.4401100371508213,,-0.2356678849312844,-0.21875664832063957,-0.6725241802441441,-0.4575460252976888,,0.020893133918283215,-0.02451345793795081,-0.36118920976899704,,-0.1395892226723708,-0.49606612428080266,0.13981396685391234,,-0.14288008307547795,1.0,0.26639460661045933,-0.03367534545747656,-0.25265546442847914,0.03548485577293421,0.035060346031244714,-0.3226391451240962,0.4150961422305935,-0.2781581337068438,0.2617702900558062,0.09852556815373856,0.11919066222992482,0.10804412700142951,0.022850683668174162,0.16383179506718448,0.2245007806809862,0.24277933754459247,-0.2609717802494045,-0.30360425322762,0.6812008593897205,0.24821308930363126,-0.4460410175654667,-0.11199706338937777,-0.13877089800463027,-0.17691338439437546,-0.1238686097433254,0.43681558669583403,0.6982483137748127,-0.007522885101462438,-0.18310794747130046,-0.1637099656316405,0.306196962272174,0.7026587621892176,-0.023152029218350745,0.5114798527091794
surface_water_mean,0.21134780535561826,,,0.07664668976685532,-0.18918591679412033,0.582488230572789,-0.17266938487452022,-0.5971319585738907,-0.5876465245300425,0.25897155387959586,0.6034233391505177,0.5349712751959629,0.49811864805157674,-0.1908240432550789,0.2229782115192374,-0.514135100482884,,0.24205988717059437,0.09682641314518517,-0.26462055844742205,0.15919357851780375,,-0.5847720336804652,0.5919058171561529,-0.2881720450377838,,-0.2626193519266674,-0.014811064541802272,-0.3921783152161667,,-0.07309949660862303,0.26639460661045933,1.0,0.7628129024637096,0.5105282541774563,-0.29189690818415576,-0.2973373573552504,-0.21475603564376627,0.42619852972168965,-0.5330192989427635,0.6807652261054824,-0.29932813490459664,0.7687025590441544,0.7902471016899086,0.6081248938522648,0.95527197747171,0.9431020689106836,0.35261988327127286,-0.34554246827284774,-0.21414360575967542,0.4291906509841725,-0.2787830977981187,-0.38912373407873296,-0.46943721163909086,0.6395256709348928,0.5399871581508686,0.8213200837390202,0.16946718739849206,0.17103248734201473,0.8518602024154006,0.5823337210900925,0.7510085873896253,0.12121917916841032,0.1770484244385526,0.8213603977702687,0.10371832099868017
ground_water_mean,0.07869201593516938,,,0.3311917834102198,-0.529051682274346,0.2780322539116967,-0.24011422342338898,-0.47915570713828615,-0.15217126738575393,0.265172760451664,0.23001180403975557,0.19131313244649353,0.27384073624060645,-0.22871990651225127,-0.04955197055182566,-0.33456651427726514,,0.18292045962321052,0.1937986284127454,0.08095654964286005,0.14489645472459836,,-0.2712323949323213,0.2571927021030988,-0.14330541786574455,,-0.45373738597460933,0.31427844406676575,-0.3710153347828591,,0.04144961708079027,-0.03367534545747656,0.7628129024637096,1.0,0.4110380378291785,-0.0684530583921681,-0.06656341128912692,0.006266699792553133,0.5553272432339255,-0.22815280105016644,0.34364579664230466,-0.1823421609950835,0.6575550449482905,0.8113467555124109,0.6463186609464187,0.7246006524023095,0.7520746717186085,0.30599915499356783,-0.2684615765679449,-0.04169636447692553,0.24604010323791692,-0.03355120525516437,-0.27060283059110585,-0.6758722603422775,0.7970237791390058,0.7693543208990982,0.7680728869612365,-0.0039056320460392605,-0.020939438979536627,0.560810530022359,0.7426293717327233,0.6071883051977509,-0.007020952114336245,-0.01827462594849172,0.5114299664466615,-0.08842374973237824
supply_demand_ratio,-0.20430443636919954,,,0.43817319399200744,0.24834142629049996,0.3530721898542123,0.19653544655116592,-0.3493580255537159,-0.01399055981082691,0.11011087934678977,0.1511281809684954,0.32844917360467996,0.03237853634495652,-0.2838993239355066,0.43380752772651016,-0.18344692763934614,,0.12947052364475362,-0.03776914944189882,0.20386877397833422,0.4474269521338223,,-0.6734240642001152,0.6979553189605084,0.0409237723436659,,-0.3315294544329582,0.2809615157978359,-0.2729947029782343,,-0.0942550824187333,-0.25265546442847914,0.5105282541774563,0.4110380378291785,1.0,-0.5211040728491271,-0.5220088957169714,0.01210546054489282,-0.09066838663234685,-0.2827476151608839,0.4740392623220461,-0.10117253446699288,0.6046410686116797,0.23340771475223013,0.11228945227376529,0.5722919087455772,0.4485028918828188,0.13860517182008164,-0.08389450205955372,0.09024770478469772,-0.4755052274878619,-0.41933513783414766,0.5075756397973303,-0.42970015117782306,0.4127928881919902,0.35441120233033796,0.7646965345146585,-0.5207052408129227,-0.24663227740244398,0.6372410706876035,0.3166155067629126,0.7158004144529398,-0.5124125094018765,-0.25133251794789635,0.6023390924861612,-0.3189497638702011
water_supply,0.24834839121041252,,,-0.08348490847060835,-0.07742751690432066,-0.5607859660204868,-0.03428036646124313,0.3365554697302602,0.03661272689365023,-0.3520853905932468,-0.09346400011158121,-0.4150237803029769,-0.22128531766798265,-0.04180325024110816,-0.3290898506343129,0.26675923074378843,,-0.2917306701238667,-0.08772244577188999,0.11224725202515404,-0.1854696184867596,,0.40336365672408464,-0.4293559937484499,-0.1716908064463531,,0.17851857025745105,0.0991452853140206,0.18450042332687988,,-0.09550134433339022,0.03548485577293421,-0.29189690818415576,-0.0684530583921681,-0.5211040728491271,1.0,0.9994784621426664,-0.17550417432835932,0.30960009654191917,0.15232600608270072,-0.3225420633563839,0.25563156800803233,-0.11495123468339855,-0.061627647297448254,0.04924432416939429,-0.3467494425814498,-0.2732152606857634,0.22907303786310476,-0.23928126272803496,-0.1525097009220373,0.2344148599480438,0.7764915339694874,-0.3958431013190554,0.16643881840978536,0.2585405154314357,0.34095632862460473,-0.34603816454467967,0.1558466840692431,0.34391545432043763,-0.2383525028012619,0.3334181150712691,-0.27007134664168797,0.19569256427609752,0.34501037299237525,-0.20650262135590933,-0.2424111963129177
water_demand,0.24770377998784393,,,-0.08648374641972081,-0.09096414795797658,-0.5689019934319783,-0.022440641444756423,0.33071658713450075,0.043035876836921394,-0.34837769475871105,-0.09452890363588447,-0.4227494951142256,-0.23187170756822978,-0.0408264396395328,-0.3414221038654023,0.2669734177862985,,-0.2996030665972494,-0.07568982248294945,0.114598504508931,-0.19351706986191414,,0.4161835130016611,-0.44340233097769244,-0.15946180895068052,,0.17114773608513587,0.10619193323928296,0.19827628123695135,,-0.0782342032220367,0.035060346031244714,-0.2973373573552504,-0.06656341128912692,-0.5220088957169714,0.9994784621426664,1.0,-0.1623648572545747,0.31679077307157644,0.16868756130044002,-0.33800257293663377,0.2539863971056647,-0.12350297148602565,-0.06850338259317204,0.04051275225988669,-0.3561900554901642,-0.28217373917551825,0.230001156575276,-0.2404030247217409,-0.15623828779990137,0.22597219122749337,0.7881272593968754,-0.3893601878760835,0.15012397489399787,0.2587893573063635,0.3436817422755689,-0.35202901373927037,0.14289991604118243,0.3426317719708916,-0.24852182704228223,0.33125314303232867,-0.2818201714432247,0.1827069871699434,0.34377793928958356,-0.21784039244910802,-0.2460273256159119
gdp_pc,-0.2824475503501984,,,0.10096681788600262,-0.20646865190044575,0.10119397223414574,0.6591311550832196,-0.05606829651162672,0.4653371634199978,-0.007895750643562412,-0.39964563360659866,-0.16870844098261367,-0.16117641284424267,0.5354848339272427,0.23055960863353342,0.10300798661121614,,0.16703439323142077,0.41203945958797866,0.05915863393488574,0.4416906512486392,,0.29388366801070825,-0.3083624504498555,0.26047132882216545,,0.365154720174052,0.4700954748508235,0.34570351318061876,,0.5384682574555807,-0.3226391451240962,-0.21475603564376627,0.006266699792553133,0.01210546054489282,-0.17550417432835932,-0.1623648572545747,1.0,-0.1483587676454603,0.0923622122215127,-0.23060209003882287,-0.39573029115342095,-0.33009167613365314,0.11068353100648154,0.11508112236001024,-0.16605692327846794,-0.16712893229531822,-0.24666274674780447,0.23598208167523047,-0.08356204245270187,-0.3245402149070814,-0.01868488835376303,0.24101477288511494,-0.025664638766504808,-0.07040930279128467,-0.03475773498848301,-0.10066774591421727,-0.008987251322517773,-0.46546976452024064,-0.25471433224249473,-0.03515974976293161,-0.09697504675993887,0.09968371276097192,-0.46941559012693695,-0.2578377796581976,-0.2796755978082333
rwi_median,0.5368981508901625,,,0.09304630559083782,-0.47391597795233437,0.011011182871912457,-0.27121108609113315,-0.08706058361713138,-0.43032083882415645,0.3902704077892381,0.3380547716440975,0.04352365891833804,0.007611898499800382,-0.1975689917532407,-0.5164075133289572,-0.03788228927300839,,0.03432428690290781,-0.15661157318879898,-0.02978058858154393,-0.37545129939526545,,0.07833762403261019,-0.10514820048244047,-0.13070375694070854,,-0.3654723562385242,0.28227534095543905,-0.17023456266892617,,-0.20699484515590755,0.4150961422305935,0.42619852972168965,0.5553272432339255,-0.09066838663234685,0.30960009654191917,0.31679077307157644,-0.1483587676454603,1.0,-0.23787411228152258,0.14293714080926223,0.4192256394657996,0.5475751437725237,0.48731839184194964,0.5177913956527846,0.3028176282651401,0.3533653547735454,0.6790797645405302,-0.7129985672751422,-0.5549644401032574,0.5245526672280754,0.34786717624222874,-0.5777178570501863,-0.4623607126646766,0.582839227456942,0.5977162287963456,0.27463818624856257,0.23443405230120076,0.43325127748478065,0.18206840751573453,0.5565519881487815,0.182526165175819,0.22396241888419768,0.43209585576985904,0.1513109469109008,-0.17845916248395222
precipitation,-0.19586722057180248,,,-0.3004665651034632,-0.1899446327540541,-0.748334021234483,0.09671623537830355,0.27690130712585664,0.5856357432265709,-0.3653732218485427,-0.25197210926137364,-0.3632810289895833,-0.37570198979482894,0.13421187210455957,-0.516580909129062,0.23790667269807655,,-0.5477755960931929,0.36906513955597914,0.21579716862762116,-0.2505895899657274,,0.6724559482482648,-0.6394470472566192,0.42483885386716086,,-0.07515901732610202,0.0395877939553767,0.4424513188714239,,0.45980691358234294,-0.2781581337068438,-0.5330192989427635,-0.22815280105016644,-0.2827476151608839,0.15232600608270072,0.16868756130044002,0.0923622122215127,-0.23787411228152258,1.0,-0.9203466691188722,0.02709892038859788,-0.6843398308378397,-0.5127066887361433,-0.5059648740187749,-0.6834491040847989,-0.6473978755520526,-0.32927504503769683,0.3780857138105377,0.5161540607931562,-0.38366360138933636,0.3926023365924663,0.4456819907648107,-0.22366889280543184,-0.4132624006078343,-0.3143029093846833,-0.5965013299664182,-0.3455108515264178,-0.06258687286691485,-0.6928833507559335,-0.4445045401075227,-0.7485335777645171,-0.2967595963657541,-0.05942927867403858,-0.7083864866375329,-0.018971276449160586
potentialevapotransporation,0.17906711571691988,,,0.24447923862683832,0.23417527046774056,0.8085267572578552,-0.13508119371742303,-0.45856028988138847,-0.5625854317021184,0.29508036351074857,0.27351539844031064,0.39009587379710364,0.3791167449404019,-0.34410270857917524,0.5390957806478542,-0.4849359327224992,,0.5760482414175337,-0.2995771827842704,-0.31767563302975493,0.27746124824841134,,-0.8663969632198492,0.8469809844681463,-0.3476248601239746,,-0.168455847149434,-0.20064784134493502,-0.6089457462079627,,-0.3997755207149349,0.2617702900558062,0.6807652261054824,0.34364579664230466,0.4740392623220461,-0.3225420633563839,-0.33800257293663377,-0.23060209003882287,0.14293714080926223,-0.9203466691188722,1.0,-0.11558954093103026,0.7608311267668759,0.5122874251087324,0.37573334105209993,0.8292611499026097,0.7932741787999725,0.2926763017343753,-0.30661038769530685,-0.2955329925450917,0.3597098120316323,-0.5328792091034962,-0.30680154372403834,0.023573515803019668,0.4276671774820705,0.3084088115064312,0.7269976239068036,0.249855020376155,0.12123181913879895,0.8175827110548481,0.410514686262578,0.8179197354897232,0.14151509878188614,0.12018533770187727,0.8179027693020546,0.15862344185426325
drain_length,0.3236080349080989,,,0.3229419327243804,0.2654837054158202,-0.3128943142156578,-0.2750931671181115,0.4024780646818716,-0.07190267313731487,0.22761440682553125,-0.13745590896704865,-0.22422781230651184,-0.3457043340040142,-0.45188376448402784,-0.6040909650642111,0.3985250336996185,,-0.08922038689970685,-0.618696743220698,0.37365985114315503,-0.5372212477686436,,0.1376060203050349,-0.10676530761438376,0.1537529082186464,,-0.35607974194207614,0.24890646472117156,-0.2478296715379025,,-0.5419702175361487,0.09852556815373856,-0.29932813490459664,-0.1823421609950835,-0.10117253446699288,0.25563156800803233,0.2539863971056647,-0.39573029115342095,0.4192256394657996,0.02709892038859788,-0.11558954093103026,1.0,0.23471701842222434,-0.22681648800791995,-0.024151074860829687,-0.29391128229367836,-0.29328821964339874,0.5878957363349313,-0.5836467178769892,-0.12417237048765639,-0.008076931768430199,0.08420250599405062,0.08320123308403225,0.0668629037277622,-0.01646279283291146,0.02270180018057265,-0.19387339476549964,0.02348502956453996,0.19820138866406253,-0.23234889773946446,-0.01934616142667781,-0.1494383158641604,0.03001183563956808,0.189209392560051,-0.2283089700915474,-0.20649189557774325
canal_length,0.2931303259188859,,,0.48440592212983774,0.07307649151883398,0.4744687025833882,-0.2373507592657161,-0.38960356607962193,-0.5571489391414912,0.31393038071085566,0.3706757481040355,0.34147965248982415,0.23168000374380807,-0.4746292370270501,0.1276250967042041,-0.24615734431987923,,0.31842869364257687,-0.3119958219374896,0.06542411737587034,0.10690240087133152,,-0.6852985911750535,0.6851983133754473,-0.2076650133090861,,-0.4075238456032675,0.21550898317306794,-0.5985332741728483,,-0.43724539448632677,0.11919066222992482,0.7687025590441544,0.6575550449482905,0.6046410686116797,-0.11495123468339855,-0.12350297148602565,-0.33009167613365314,0.5475751437725237,-0.6843398308378397,0.7608311267668759,0.23471701842222434,1.0,0.6446024765328806,0.5777060372802556,0.8199432258114533,0.7826127520796907,0.6810388681588995,-0.668046139413904,-0.33544481901696893,0.2332973208258767,-0.2911229746748118,-0.24368549343768497,-0.36491580221673087,0.7748311793240173,0.7016544958660393,0.8478932853098339,0.03672537353448731,0.1397298779686044,0.825950056051222,0.7286340239729853,0.8552742825878511,-0.006313790035461683,0.13622157080902692,0.8048075710349043,-0.14838438351960392
cattle,0.1582294151442853,,,0.3127468958103845,-0.28243071288578553,0.5343844447600115,-0.12165688957592206,-0.48206397340100926,-0.35789598054847616,0.32113011484583887,0.27077348781920957,0.2926881003687802,0.4513054491388528,-0.06413452290312818,0.08033954446765341,-0.31203542651891586,,0.2824480576810686,0.12986116211204665,-0.04040879519259433,0.14443991675214354,,-0.24742422127933408,0.2621784005231693,-0.2499211698281887,,-0.07327856372798318,0.3154284460577884,-0.3514692567887647,,0.014283776985426608,0.10804412700142951,0.7902471016899086,0.8113467555124109,0.23340771475223013,-0.061627647297448254,-0.06850338259317204,0.11068353100648154,0.48731839184194964,-0.5127066887361433,0.5122874251087324,-0.22681648800791995,0.6446024765328806,1.0,0.9107603086135513,0.8049418777468714,0.8532657014477818,0.42918821236562954,-0.41435005370008565,-0.18776907669154258,0.48221101639397096,-0.21053868440896603,-0.4719745298817956,-0.2831649158204713,0.6775404313688113,0.6105059807747729,0.6604872554555219,0.4513973760148261,-0.07922511945509905,0.6431841160966671,0.6945714288896735,0.6496941666023631,0.47843864087163346,-0.07481213117060351,0.6299274481816038,0.0679984182116938
chicken,0.11485246458619734,,,0.4572152313441733,-0.22896455418222925,0.3723374529421616,-0.1505892499428791,-0.2830258741874653,-0.3929123099908067,0.41428869969500437,0.3087407686574674,0.3557639993078429,0.5158897046382559,0.08622827029506178,-0.001249064220322679,0.04400691382046637,,0.20924235617997644,-0.02227662451465013,0.2204942200871013,0.05224004865645457,,-0.06633645577205659,0.08148398541350683,-0.31003442085868976,,0.1287347686231755,0.5067353488559354,-0.22178179908640136,,-0.14889420621819327,0.022850683668174162,0.6081248938522648,0.6463186609464187,0.11228945227376529,0.04924432416939429,0.04051275225988669,0.11508112236001024,0.5177913956527846,-0.5059648740187749,0.37573334105209993,-0.024151074860829687,0.5777060372802556,0.9107603086135513,1.0,0.6180760567204071,0.641558881525718,0.4637593338308749,-0.47537242379498523,-0.2903016539295877,0.38273122938479004,-0.1485930435198616,-0.4944000904860918,-0.046854260307158384,0.605886551238597,0.5579333546827951,0.5294029931602594,0.43587780081614247,-0.2176151012964574,0.5214784803526519,0.6642307619948954,0.5800436062975876,0.5461149919394441,-0.21540107696189298,0.5251593937655163,-0.11144524437435982
goats,0.13151363262409704,,,0.2412901884614481,-0.05430308565462526,0.7198126374029247,-0.13730033532362867,-0.6156379914525226,-0.5509593126124932,0.271867908675643,0.4444576182866221,0.48643493577998487,0.5062180588367444,-0.27618261933561167,0.37153844948274956,-0.5207836415742891,,0.41497599064984975,0.007939776302601112,-0.21897153205240863,0.2621692890151956,,-0.7274755972972604,0.731293577242093,-0.2690745990209888,,-0.2566492120501302,-0.003867827891932922,-0.5362887194757829,,-0.14767153386214874,0.16383179506718448,0.95527197747171,0.7246006524023095,0.5722919087455772,-0.3467494425814498,-0.3561900554901642,-0.16605692327846794,0.3028176282651401,-0.6834491040847989,0.8292611499026097,-0.29391128229367836,0.8199432258114533,0.8049418777468714,0.6180760567204071,1.0,0.9817576410812932,0.3421991311816003,-0.3313388225289162,-0.1815721869133656,0.37755826665186387,-0.4491965770912014,-0.33040800367351386,-0.3292739113662253,0.6443331365440034,0.5314010799678922,0.8860089284025338,0.20040986051883278,0.04830297768406173,0.9197071097602103,0.6031045305938355,0.8690712693299736,0.14193571541534156,0.05227363816679919,0.8986175534316976,0.11624228502363122
sheeps,0.19084114296420568,,,0.18476942406847505,-0.1042770858475131,0.7212028023381418,-0.175397597237763,-0.6318091329240222,-0.5409911602039952,0.2663808788753007,0.39269312711175963,0.3929073167496678,0.4718668533050381,-0.29808270750276256,0.284555477571471,-0.5916132044644117,,0.40611324801671117,0.05088934208866685,-0.2840196870957358,0.19062089647905006,,-0.6439958684969237,0.6488781569811392,-0.2625525212230013,,-0.2731341419995268,-0.04746084926723913,-0.5531077472161667,,-0.08484203030009481,0.2245007806809862,0.9431020689106836,0.7520746717186085,0.4485028918828188,-0.2732152606857634,-0.28217373917551825,-0.16712893229531822,0.3533653547735454,-0.6473978755520526,0.7932741787999725,-0.29328821964339874,0.7826127520796907,0.8532657014477818,0.641558881525718,0.9817576410812932,1.0,0.37814268919712885,-0.3624969162941897,-0.1668530447602329,0.49813019924888097,-0.4054917627890208,-0.41397668153832534,-0.347687431570588,0.6436177193934773,0.536407898191177,0.8168284166776825,0.3218675962846088,0.1001821691136142,0.864091679293003,0.6097893549851485,0.7917135366062751,0.24123468618594263,0.10559503891257262,0.8438560739860268,0.22786596034491222
fraction_small,0.5038267377449579,,,0.3268310723562524,0.1646818343707454,0.1509394263483273,-0.08602497328204999,-0.10856888418800818,-0.4932722848320234,0.1859352546295149,0.19299869341908746,-0.038712672244616685,-0.16796425314916424,-0.46179997350893426,-0.39178762278288454,-0.00742340943981786,,-0.024384483941203853,-0.2628037832379729,0.12041402697515341,-0.34163484686895107,,-0.14144822150015823,0.17515969042981144,0.11484283413933888,,-0.28823884795365656,0.331935261677363,-0.3022692077897826,,-0.2103321562843245,0.24277933754459247,0.35261988327127286,0.30599915499356783,0.13860517182008164,0.22907303786310476,0.230001156575276,-0.24666274674780447,0.6790797645405302,-0.32927504503769683,0.2926763017343753,0.5878957363349313,0.6810388681588995,0.42918821236562954,0.4637593338308749,0.3421991311816003,0.37814268919712885,1.0,-0.9881487924198873,-0.44058835955991565,0.3049826696056919,0.008277953552948752,-0.24544890455830612,-0.2737289331762784,0.545493413994421,0.5330092197942098,0.2755986222554245,0.2553210544905477,0.28050991658744473,0.37797404826625514,0.5339658123699845,0.3233848553666705,0.22594527926844168,0.27668425314102174,0.3770457518395207,-0.0470237555122818
fraction_medium,-0.49420049495808227,,,-0.31561384479452176,-0.13155904206102448,-0.17637545718598246,0.07528401481339578,0.06360824957783724,0.5757480871747571,-0.20991829441067797,-0.22238627083738818,0.025591606934320204,0.13047526375545523,0.4041849799986392,0.36368266107109715,-0.04694262647318259,,-0.022385340891210317,0.27483384947041906,-0.10768346618952157,0.35663097944379085,,0.13449911874049195,-0.1573016997276572,-0.1107394960736011,,0.23566788867798577,-0.3226815675197015,0.28350433466583447,,0.23265936536284743,-0.2609717802494045,-0.34554246827284774,-0.2684615765679449,-0.08389450205955372,-0.23928126272803496,-0.2404030247217409,0.23598208167523047,-0.7129985672751422,0.3780857138105377,-0.30661038769530685,-0.5836467178769892,-0.668046139413904,-0.41435005370008565,-0.47537242379498523,-0.3313388225289162,-0.3624969162941897,-0.9881487924198873,1.0,0.5568190338004881,-0.34147464776797065,-0.016206392223379603,0.33053284394539856,0.21502932153176585,-0.5406566960077135,-0.5275250543665659,-0.2635633181085307,-0.27304934500648304,-0.2799330851760138,-0.37939349277384715,-0.539271196101512,-0.3234880087401748,-0.24618288122850018,-0.2763190023146478,-0.38218962889107666,0.07880974418323977
fraction_large,-0.2342807250732639,,,-0.04509149652235909,0.18259140367600152,-0.31151403064051447,-0.08030161119930863,-0.14901219274146368,0.6314349766622345,-0.2011329032795118,-0.26502744855410587,-0.022200502027895683,0.05831922197804529,-0.19249424171353502,-0.11020062958685914,-0.17745635385938774,,-0.13038269370835243,0.07745630078829935,0.10857052225390414,0.07209450555201805,,0.07549357041879448,-0.0144616099615985,0.024217244339387756,,-0.18536002891531292,-0.14094666324539878,-0.109579457758354,,0.08876451436067255,-0.30360425322762,-0.21414360575967542,-0.04169636447692553,0.09024770478469772,-0.1525097009220373,-0.15623828779990137,-0.08356204245270187,-0.5549644401032574,0.5161540607931562,-0.2955329925450917,-0.12417237048765639,-0.33544481901696893,-0.18776907669154258,-0.2903016539295877,-0.1815721869133656,-0.1668530447602329,-0.44058835955991565,0.5568190338004881,1.0,-0.2820862090477673,-0.16182496564167487,0.5446488943125058,0.012643313531040744,-0.38057402974516175,-0.3785531270977182,-0.1832974548211322,-0.1023862397068867,-0.1844416234527421,-0.2490311134885494,-0.40951482623126456,-0.24332547325007722,-0.07961939789520558,-0.18125742075337853,-0.25459600984743946,0.21774813013243186
arable_km2_scaled,0.5324636726638851,,,-0.3845021269204658,-0.24956427086322042,0.325191119945293,-0.37277230594089333,-0.17349298958888573,-0.5324228896410456,0.17800148745489908,0.2988893817474417,0.07964845975563307,0.2998658285274097,-0.15041336694207377,-0.2329472526560781,-0.45014824020400074,,0.2190721941546588,-0.06661197273676313,-0.6082424440985682,-0.35751901604558667,,-0.04532176901382456,0.038987292577578665,-0.3175834920563174,,-0.09610069366413199,-0.40649265946799057,-0.3028044200387144,,-0.12886551750404465,0.6812008593897205,0.4291906509841725,0.24604010323791692,-0.4755052274878619,0.2344148599480438,0.22597219122749337,-0.3245402149070814,0.5245526672280754,-0.38366360138933636,0.3597098120316323,-0.008076931768430199,0.2332973208258767,0.48221101639397096,0.38273122938479004,0.37755826665186387,0.49813019924888097,0.3049826696056919,-0.34147464776797065,-0.2820862090477673,1.0,0.07991714505092791,-0.8475918267358616,0.03104857213566279,0.1454083116471199,0.0906435692216156,0.01846624939137982,0.8132880449210386,0.5946033367054396,0.19258177687700612,0.17465351176747262,0.030888803885886627,0.6996575753776414,0.6026234781325853,0.19877226245594187,0.4856647218763313
producer_price,0.27273362084079034,,,-0.35427640700794694,-0.4246928102945972,-0.6495484435071002,-0.03510245050556272,0.32002064666341795,0.2199705172507199,-0.23279883677375784,0.06879490743880269,-0.3165072194700394,-0.35233426256277167,0.15460994736752873,-0.4195765486157891,0.2176396846774177,,-0.6165513456144076,0.09339656625053808,-0.01195330001418409,-0.23011803562119282,,0.5662709696774336,-0.6069911162541136,-0.14952084691391462,,0.07777465917814746,0.05637780715300864,0.5965127449544633,,0.11914091278628579,0.24821308930363126,-0.2787830977981187,-0.03355120525516437,-0.41933513783414766,0.7764915339694874,0.7881272593968754,-0.01868488835376303,0.34786717624222874,0.3926023365924663,-0.5328792091034962,0.08420250599405062,-0.2911229746748118,-0.21053868440896603,-0.1485930435198616,-0.4491965770912014,-0.4054917627890208,0.008277953552948752,-0.016206392223379603,-0.16182496564167487,0.07991714505092791,1.0,-0.21845667451833722,-0.18210463412856226,0.10910832674761309,0.2129221748019097,-0.3884293490089535,-0.15317162718298294,0.4405010720467593,-0.4312803322598479,0.11043088239816086,-0.46358354418989595,-0.1068989894475886,0.4413601796192412,-0.43910237351838755,-0.244309764384111
rural_population,-0.3698927150187583,,,0.20109809227380193,0.3947558043629001,-0.21442799484813016,0.34744275854511625,0.11911704010068913,0.6644389423913469,-0.1757346769905159,-0.41972436434628424,-0.17172052420211137,-0.44950905651161666,-0.09745928410269498,0.0856625420784566,0.1546432256888106,,-0.2376041377434726,0.024870589178550135,0.3461509910131584,0.2260312051192371,,-0.008892643029219808,0.06501078967357403,0.4258000682634873,,-0.15091512463788864,0.21875741355877024,0.1484772650634474,,0.16798166189114894,-0.4460410175654667,-0.38912373407873296,-0.27060283059110585,0.5075756397973303,-0.3958431013190554,-0.3893601878760835,0.24101477288511494,-0.5777178570501863,0.4456819907648107,-0.30680154372403834,0.08320123308403225,-0.24368549343768497,-0.4719745298817956,-0.4944000904860918,-0.33040800367351386,-0.41397668153832534,-0.24544890455830612,0.33053284394539856,0.5446488943125058,-0.8475918267358616,-0.21845667451833722,1.0,-0.12838460712255487,-0.34881457297147683,-0.3200406562783036,-0.10359483952526143,-0.5995505492728233,-0.3897955610531621,-0.25732507545647765,-0.41507681644698435,-0.1444739922730001,-0.5550364176418665,-0.39693548986423327,-0.2743161771514279,-0.20474036672672957
salinity,-0.20729182705578295,,,0.06591743525232535,0.46718549281633365,0.006795745827716818,0.07884437521947404,0.33783952841895004,-0.06616817530534297,-0.04715925304825626,-0.1737668593034958,0.02448361062336048,0.28301468457495926,0.21376925513206002,0.26457635356169645,0.39625691488833786,,0.21249675212607635,-0.3292477881322197,0.09928876510254668,-0.008742693276875197,,0.08248382617307104,-0.07853651871067109,-0.1881589084251883,,0.5986887270167658,-0.13366046855343602,0.031125220895779213,,-0.32357082974985907,-0.11199706338937777,-0.46943721163909086,-0.6758722603422775,-0.42970015117782306,0.16643881840978536,0.15012397489399787,-0.025664638766504808,-0.4623607126646766,-0.22366889280543184,0.023573515803019668,0.0668629037277622,-0.36491580221673087,-0.2831649158204713,-0.046854260307158384,-0.3292739113662253,-0.347687431570588,-0.2737289331762784,0.21502932153176585,0.012643313531040744,0.03104857213566279,-0.18210463412856226,-0.12838460712255487,1.0,-0.4760367447920657,-0.4962747688463631,-0.4178553825050636,0.34691328658370446,-0.24615183008540242,-0.18212732488217936,-0.3423561446736255,-0.15396338015319025,0.42033618107959486,-0.2457581961512529,-0.10859708523733928,0.027096664347622406
corrected_yield_pp,0.0561241492560466,,,0.4643942532712731,-0.2510865408823157,0.20513451976438646,-0.05032344295241403,-0.3050325474483808,-0.35718535636026977,0.07988731048495282,0.24634675897861133,0.10182434948030827,0.11638148193485642,-0.2795800113589481,0.08197758536046913,-0.12163278023082316,,0.1788110754496026,0.10614769819075667,0.22961311756738892,0.1863933670660821,,-0.36767853886766755,0.3322571209890648,-0.15495388282188055,,-0.26340480476550143,0.43251277237755437,-0.3377601439177788,,-0.04979266830358133,-0.13877089800463027,0.6395256709348928,0.7970237791390058,0.4127928881919902,0.2585405154314357,0.2587893573063635,-0.07040930279128467,0.582839227456942,-0.4132624006078343,0.4276671774820705,-0.01646279283291146,0.7748311793240173,0.6775404313688113,0.605886551238597,0.6443331365440034,0.6436177193934773,0.545493413994421,-0.5406566960077135,-0.38057402974516175,0.1454083116471199,0.10910832674761309,-0.34881457297147683,-0.4760367447920657,1.0,0.9893442415511844,0.7652460235507831,-0.10152008324479037,0.021831712739812593,0.6926578031398768,0.9850750412860114,0.7273655483852588,-0.09683749566469867,0.020762439449249107,0.6724372493204829,-0.3323661285104433
corrected_yield_Alfalfa for forage,0.04812304617909816,,,0.4628370443556475,-0.2959269446292542,0.09368388386340254,-0.03764754505887157,-0.23974465709069137,-0.27937107168520336,0.046156322846860824,0.18837978899281196,0.015696728564924958,0.031914366777031355,-0.2500924249720513,0.013779936772509232,-0.05152866304546015,,0.10840844469838681,0.12526341391510248,0.28659885361240395,0.16112374399548388,,-0.2596645627135506,0.21914264034608413,-0.117783392778626,,-0.2550148460226706,0.4771260067503127,-0.26265673022730224,,-0.014114604892287892,-0.17691338439437546,0.5399871581508686,0.7693543208990982,0.35441120233033796,0.34095632862460473,0.3436817422755689,-0.03475773498848301,0.5977162287963456,-0.3143029093846833,0.3084088115064312,0.02270180018057265,0.7016544958660393,0.6105059807747729,0.5579333546827951,0.5314010799678922,0.536407898191177,0.5330092197942098,-0.5275250543665659,-0.3785531270977182,0.0906435692216156,0.2129221748019097,-0.3200406562783036,-0.4962747688463631,0.9893442415511844,1.0,0.685375623135159,-0.1570897494963375,0.01370003111965285,0.5870175470086798,0.9765819756042439,0.6355821040971802,-0.14250601991983128,0.012023014956243009,0.5658870666937131,-0.38066012817965506
corrected_yield_Maize (incl. 0067 and 0068),-0.10668660702701621,,,0.49508725990552904,-0.11532474357751804,0.5543649809419828,-0.10832669764963693,-0.4676885430604229,-0.37105256521179447,0.27215060719686957,0.3349445559310903,0.44030892818833695,0.36996906151039743,-0.30428723963573223,0.3971919252230819,-0.279300076923715,,0.3872984407402804,0.006648048334349604,0.12075822705810299,0.35089013262945706,,-0.7423478938668839,0.724597608592591,-0.18486748179207102,,-0.36053297692503966,0.24585600819973702,-0.5020100661341389,,-0.18378045548709604,-0.1238686097433254,0.8213200837390202,0.7680728869612365,0.7646965345146585,-0.34603816454467967,-0.35202901373927037,-0.10066774591421727,0.27463818624856257,-0.5965013299664182,0.7269976239068036,-0.19387339476549964,0.8478932853098339,0.6604872554555219,0.5294029931602594,0.8860089284025338,0.8168284166776825,0.2755986222554245,-0.2635633181085307,-0.1832974548211322,0.01846624939137982,-0.3884293490089535,-0.10359483952526143,-0.4178553825050636,0.7652460235507831,0.685375623135159,1.0,-0.1928531682806001,-0.14138267354904713,0.8853898958398856,0.7085187355669168,0.9487819336062168,-0.20680926811306485,-0.14278733628236667,0.85248916537831,-0.1965012726950101
"corrected_yield_Rice, paddy",0.3792830554370522,,,-0.2501541775825063,0.08223423184163182,0.3317878468469889,-0.08375123804235182,-0.08558118433923781,-0.29236390713259547,0.10697515335709434,0.006200054157947084,0.008241326342591301,0.25266087381896596,0.025970925378748018,-0.14131194785329054,-0.298867753077651,,0.3151493507275557,-0.06892821829376052,-0.4707941114946939,-0.19856989048446366,,0.09317109157997956,-0.05486533523706869,-0.19808054501576222,,0.20728175446541508,-0.1949301037067566,-0.2881901536751735,,-0.049515596122139176,0.43681558669583403,0.16946718739849206,-0.0039056320460392605,-0.5207052408129227,0.1558466840692431,0.14289991604118243,-0.008987251322517773,0.23443405230120076,-0.3455108515264178,0.249855020376155,0.02348502956453996,0.03672537353448731,0.4513973760148261,0.43587780081614247,0.20040986051883278,0.3218675962846088,0.2553210544905477,-0.27304934500648304,-0.1023862397068867,0.8132880449210386,-0.15317162718298294,-0.5995505492728233,0.34691328658370446,-0.10152008324479037,-0.1570897494963375,-0.1928531682806001,1.0,0.2841485140928797,0.02695163840148897,-0.014599334482493453,-0.06623022082958188,0.9593538946329689,0.28954818008253164,0.06074900446544016,0.43629078590742454
corrected_yield_Sugar cane,0.6853189716087307,,,-0.6579045370432722,-0.08782680494122444,-0.1541858080842216,-0.2518406056940238,0.0668543678472602,-0.24921856544201276,-0.2323214328942118,0.3139246933726401,-0.009543704070855991,-0.21798694465894636,-0.26978554851538605,-0.32970568648924997,-0.38693862510731364,,-0.16637488585939061,-0.1421467861732964,-0.6604700054673532,-0.2822642843113791,,-0.10981115157711573,0.10662988689986239,-0.14427530901960103,,-0.2981933016836673,-0.5016699134588776,-0.06145728941829628,,-0.16186684793311554,0.6982483137748127,0.17103248734201473,-0.020939438979536627,-0.24663227740244398,0.34391545432043763,0.3426317719708916,-0.46546976452024064,0.43325127748478065,-0.06258687286691485,0.12123181913879895,0.19820138866406253,0.1397298779686044,-0.07922511945509905,-0.2176151012964574,0.04830297768406173,0.1001821691136142,0.28050991658744473,-0.2799330851760138,-0.1844416234527421,0.5946033367054396,0.4405010720467593,-0.3897955610531621,-0.24615183008540242,0.021831712739812593,0.01370003111965285,-0.14138267354904713,0.2841485140928797,1.0,-0.026111638107971222,-0.032372134061906074,-0.18978753727947908,0.15377737199537045,0.9998101443085241,-0.04144009530498883,0.19293614792649305
corrected_yield_Wheat,-0.025156845028282377,,,0.34386467088346223,0.15429544775567602,0.6200453096691437,-0.017613244283767763,-0.5119534005041292,-0.6290565344079215,0.1426077476527591,0.48212620431754943,0.5048955786735387,0.47393311311391606,-0.320678505673896,0.4633559828407334,-0.3451324250802876,,0.37903857574241256,0.0004349443673737755,-0.0341894681463006,0.2751871996799611,,-0.7961862131826388,0.7956393039404811,-0.24734940999798097,,-0.15666053424444923,0.06729458446502963,-0.501925094860357,,-0.17890834717302154,-0.007522885101462438,0.8518602024154006,0.560810530022359,0.6372410706876035,-0.2383525028012619,-0.24852182704228223,-0.25471433224249473,0.18206840751573453,-0.6928833507559335,0.8175827110548481,-0.23234889773946446,0.825950056051222,0.6431841160966671,0.5214784803526519,0.9197071097602103,0.864091679293003,0.37797404826625514,-0.37939349277384715,-0.2490311134885494,0.19258177687700612,-0.4312803322598479,-0.25732507545647765,-0.18212732488217936,0.6926578031398768,0.5870175470086798,0.8853898958398856,0.02695163840148897,-0.026111638107971222,1.0,0.6677639765607483,0.931195961074742,-0.009344534205008321,-0.023479846079202484,0.9964776836383845,-0.03567869467557694
hectares_Alfalfa for forage,0.022429794716132528,,,0.48977503259714394,-0.21811155914812302,0.19586163330608608,-0.02834929670079818,-0.2504395914036731,-0.37042469270644895,0.057553899644380416,0.21084380084129054,0.0848644175175353,0.15731052636274986,-0.20762553773322348,0.10897787344435778,-0.049196537328641196,,0.21354528977486745,0.10227378709024607,0.26522302188429003,0.20184458654787663,,-0.31245402589910726,0.27664632407198225,-0.18575953166488246,,-0.13854046947596352,0.4657029105014604,-0.32833860294192035,,-0.06040547697613976,-0.18310794747130046,0.5823337210900925,0.7426293717327233,0.3166155067629126,0.3334181150712691,0.33125314303232867,-0.03515974976293161,0.5565519881487815,-0.4445045401075227,0.410514686262578,-0.01934616142667781,0.7286340239729853,0.6945714288896735,0.6642307619948954,0.6031045305938355,0.6097893549851485,0.5339658123699845,-0.539271196101512,-0.40951482623126456,0.17465351176747262,0.11043088239816086,-0.41507681644698435,-0.3423561446736255,0.9850750412860114,0.9765819756042439,0.7085187355669168,-0.014599334482493453,-0.032372134061906074,0.6677639765607483,1.0,0.7114651888432538,0.009708802624153091,-0.033239217024691445,0.6596790337888747,-0.3480514727506915
hectares_Maize (incl. 0067 and 0068),-0.10821130839592279,,,0.5621249263598282,0.10651891995596839,0.6043891915921044,-0.024658572072561624,-0.41097918845272247,-0.44783498769334745,0.21995885417232774,0.30039692572180515,0.45328118542845247,0.4222093422790139,-0.270250539489237,0.520715294871817,-0.1914630237048129,,0.4725098333361709,-0.10941862327558793,0.1429689144061218,0.41477194816025875,,-0.7947289213423979,0.7836212348876154,-0.23540591576265532,,-0.16625703384042068,0.25940118711814053,-0.5376751749504272,,-0.2917742944042281,-0.1637099656316405,0.7510085873896253,0.6071883051977509,0.7158004144529398,-0.27007134664168797,-0.2818201714432247,-0.09697504675993887,0.182526165175819,-0.7485335777645171,0.8179197354897232,-0.1494383158641604,0.8552742825878511,0.6496941666023631,0.5800436062975876,0.8690712693299736,0.7917135366062751,0.3233848553666705,-0.3234880087401748,-0.24332547325007722,0.030888803885886627,-0.46358354418989595,-0.1444739922730001,-0.15396338015319025,0.7273655483852588,0.6355821040971802,0.9487819336062168,-0.06623022082958188,-0.18978753727947908,0.931195961074742,0.7114651888432538,1.0,-0.06028806132034711,-0.19211473723611236,0.922703353115118,-0.2310404109714609
"hectares_Rice, paddy",0.30036697843439336,,,-0.15316847431443972,0.0603997371124037,0.21398967917700346,-0.01966218816966751,-0.021618156999211338,-0.2248489944843694,0.10870915227897546,0.03494041441276425,0.09299928021222015,0.33264934265178736,0.15832964703457905,-0.15749731098393668,-0.10016773099222676,,0.26419113039366454,-0.06214111187955312,-0.2932161992846312,-0.15094954398503063,,0.19576924059173945,-0.14979758615561656,-0.21493468089611703,,0.33508439581692673,0.004498570383564419,-0.18151375557036256,,-0.06591818684549236,0.306196962272174,0.12121917916841032,-0.007020952114336245,-0.5124125094018765,0.19569256427609752,0.1827069871699434,0.09968371276097192,0.22396241888419768,-0.2967595963657541,0.14151509878188614,0.03001183563956808,-0.006313790035461683,0.47843864087163346,0.5461149919394441,0.14193571541534156,0.24123468618594263,0.22594527926844168,-0.24618288122850018,-0.07961939789520558,0.6996575753776414,-0.1068989894475886,-0.5550364176418665,0.42033618107959486,-0.09683749566469867,-0.14250601991983128,-0.20680926811306485,0.9593538946329689,0.15377737199537045,-0.009344534205008321,0.009708802624153091,-0.06028806132034711,1.0,0.15814867867404842,0.029741836885842952,0.25694332206211884
hectares_Sugar cane,0.6849734709786264,,,-0.6641429978846651,-0.09087719831071872,-0.15124055849746162,-0.25259359154576005,0.059855096112799655,-0.2547563396803506,-0.23125085676378868,0.31930329366273225,-0.008693190018805783,-0.2093249788114314,-0.2687624531032011,-0.32972362930975596,-0.3934488748875213,,-0.1682576343661955,-0.13688720767301793,-0.6662013754216988,-0.2863453182660464,,-0.10676717221613054,0.10377577609879106,-0.14797323547481497,,-0.29592600525072027,-0.5090556462175087,-0.059856367705446036,,-0.15684309527024273,0.7026587621892176,0.1770484244385526,-0.01827462594849172,-0.25133251794789635,0.34501037299237525,0.34377793928958356,-0.46941559012693695,0.43209585576985904,-0.05942927867403858,0.12018533770187727,0.189209392560051,0.13622157080902692,-0.07481213117060351,-0.21540107696189298,0.05227363816679919,0.10559503891257262,0.27668425314102174,-0.2763190023146478,-0.18125742075337853,0.6026234781325853,0.4413601796192412,-0.39693548986423327,-0.2457581961512529,0.020762439449249107,0.012023014956243009,-0.14278733628236667,0.28954818008253164,0.9998101443085241,-0.023479846079202484,-0.033239217024691445,-0.19211473723611236,0.15814867867404842,1.0,-0.03859725731893757,0.20171369530573313
hectares_Wheat,-0.03416696261312897,,,0.3485282146188468,0.20357556415357175,0.6157774528289848,0.0026030681945565953,-0.49425276705447263,-0.6458580385957491,0.12063610983550374,0.4729885416523142,0.5006438680165626,0.49133894233621744,-0.30471761923992136,0.48366197755655793,-0.3187815667296682,,0.3914606142648783,-0.014900497338933682,-0.026479563791050136,0.2791183366759924,,-0.7883038614870339,0.7890778073980397,-0.25861119476325817,,-0.09922416186202335,0.06265458637393766,-0.5005240048906685,,-0.19255039113652375,-0.023152029218350745,0.8213603977702687,0.5114299664466615,0.6023390924861612,-0.20650262135590933,-0.21784039244910802,-0.2578377796581976,0.1513109469109008,-0.7083864866375329,0.8179027693020546,-0.2283089700915474,0.8048075710349043,0.6299274481816038,0.5251593937655163,0.8986175534316976,0.8438560739860268,0.3770457518395207,-0.38218962889107666,-0.25459600984743946,0.19877226245594187,-0.43910237351838755,-0.2743161771514279,-0.10859708523733928,0.6724372493204829,0.5658870666937131,0.85248916537831,0.06074900446544016,-0.04144009530498883,0.9964776836383845,0.6596790337888747,0.922703353115118,0.029741836885842952,-0.03859725731893757,1.0,-0.035340411842154
arable_km2,0.22264385959652588,,,-0.392566410661353,0.00528650402454046,0.37698331256183626,-0.4084324265748847,-0.343625495831078,-0.1645691752178848,0.174384144285862,0.07579687678552696,-0.005555649834795043,0.09801349363193511,-0.15742653114290311,-0.10623042689180662,-0.5802007459206154,,-0.10115282773647331,0.1110600372483861,-0.5077991233870763,-0.35817797601249024,,0.019384266226639746,-0.006508842581397458,-0.1276979574646264,,-0.07747659466419918,-0.6643099348741122,-0.054823847519716265,,0.19804908418452918,0.5114798527091794,0.10371832099868017,-0.08842374973237824,-0.3189497638702011,-0.2424111963129177,-0.2460273256159119,-0.2796755978082333,-0.17845916248395222,-0.018971276449160586,0.15862344185426325,-0.20649189557774325,-0.14838438351960392,0.0679984182116938,-0.11144524437435982,0.11624228502363122,0.22786596034491222,-0.0470237555122818,0.07880974418323977,0.21774813013243186,0.4856647218763313,-0.244309764384111,-0.20474036672672957,0.027096664347622406,-0.3323661285104433,-0.38066012817965506,-0.1965012726950101,0.43629078590742454,0.19293614792649305,-0.03567869467557694,-0.3480514727506915,-0.2310404109714609,0.25694332206211884,0.20171369530573313,-0.035340411842154,1.0
