gov_NAME1_,water_productivity,surface_water_mean,ground_water_mean,supply_demand_ratio,water_supply,water_demand,gdp_pc,rwi_median,precipitation,potentialevapotransporation,drain_length,canal_length,cattle,chicken,goats,sheeps,fraction_small,fraction_medium,fraction_large,arable_km2_scaled,producer_price,rural_population,salinity,corrected_yield_pp,corrected_yield_Alfalfa for forage,corrected_yield_Maize (incl. 0067 and 0068),"corrected_yield_Rice, paddy",corrected_yield_Sugar cane,corrected_yield_Wheat,hectares_Alfalfa for forage,hectares_Maize (incl. 0067 and 0068),"hectares_Rice, paddy",hectares_Sugar cane,hectares_Wheat,arable_km2
Alexandria,6.032796144226814e-06,0.0006859777820880284,4.898071777270158e-05,79.89607038897682,9877.396615286076,9877.406302080695,9918.256998242543,0.008636239727018923,1261.6006776934432,19549.263053353385,449.1852904539221,476.2954409197662,1.1196359533886266,18.275132522609713,0.8391088935363648,1.5479517903693696,0.5651865792852027,0.38279667647762095,0.03695639710597073,0.4707090866121266,17155647.79931078,120034.66838842937,3.5656032575660794,1581016730.6022952,1180666012.9347825,165122700.6924706,163186466.0900808,2906633.3819950777,305612566.2420068,14550.361739749093,29755.277354637255,21639.223589801062,29.09723163185058,43658.95028830494,595.7995895205789
Assyout,1.702465315012033e-05,0.00290964627959985,0.00012039162821096238,98.24048864280029,8184.749069150909,8192.11839451159,11583.885003437597,0.278889934580492,26.47780376272643,25771.128514701853,427.2329519628817,1445.4852150978684,7.796552976440886,197.92256836112753,9.072310949738897,9.049562716411957,0.9820014532154452,0.012097305399218583,0.0,0.45987066112693487,10627534.92489765,37575.467471001284,2.028775458070565,2602104998.029439,1948209708.076086,513861193.52794755,18489494.259729866,21199680.682356708,630694550.5764633,25123.026680857303,85278.24423987158,2434.770763740738,230.4148216938448,90099.22576785751,675.7464225698037
Aswan,4.521339047998821e-05,0.0012412603534668837,4.216839724003111e-05,59.59500105601329,274.88745047290905,278.2254227567193,9249.390462887452,0.040044798497902656,1.0717777032937357,29267.35309277973,573.4393091732102,668.087607147656,0.5302792054967308,32.186149197018416,0.558293285234526,0.7265743615196567,0.013905926239005384,0.863056020092994,0.0,0.3984565366567848,1546230.06460721,46420.19524810697,3.9140125812645543,539545514.7830193,299396373.22161895,30583026.205819696,155909452.47025648,2103248.435901492,293212665.93132395,4452.390327882416,6065.795824565733,19753.939159797676,20.661012422433984,41887.5294113762,577.5304237045639
Behera,6.609001186803124e-06,0.0007875076918286533,6.158813523877141e-05,58.25661326251401,11825.154088631132,11826.239934396357,11279.321012778686,0.0114727978736611,1126.3115391809847,19962.669275126776,453.76912283630526,565.9422859903251,2.2462465394309796,42.23762907787456,1.2661941642912693,2.100613581450361,0.6242101062831311,0.32512044531923767,0.04248691774718479,0.4744455840694629,16451321.274379112,77391.89968618087,4.339503590282152,1333420268.6750524,1031193374.1720657,126144509.92191745,78394711.18314786,1121496.1111186894,247096354.41240108,12955.919265779516,22284.159833586174,12689.747821971363,11.748118845605282,35299.48657611806,2988.786853459921
Beni-Suef,2.642687496469772e-05,0.001275324900629534,5.601702992683461e-05,93.00218239098726,14465.301578878234,14484.70192959685,12350.508693186544,0.2308477932381673,44.01631108222371,24608.717348145492,635.5976346727961,1140.116617273972,3.3011513102544505,100.0524091590351,3.554320040916539,3.4759015214588604,0.9547913132175047,0.03653140169980022,0.0,0.46372019451878893,28492174.45674525,64649.750258649154,4.261796830618244,3011357069.156909,2307153241.707178,497291884.10540175,61006722.907194614,188405460.55485067,584181361.0205755,29673.454586172782,97545.58325790026,8048.374292821171,1900.1065563411794,83585.2459245178,690.7178469330019
Cairo,2.6341027387407572e-05,0.000920069574105345,4.212375752709303e-05,20.012087606656806,19122.601823851506,19221.6498004141,7227.336632079312,0.18039687257143708,186.00498480558622,23069.964370080972,293.54448731184885,473.53267582325213,1.113308858872149,87.13064593322024,1.1599341249148738,1.583781857844248,0.8659959733011671,0.031067519068830526,0.0011349618458709554,0.4258486989222925,26703831.265654165,21526.27075573671,3.3778408890211153,467834472.01416254,375054395.91139776,51829182.83844994,6.039540615931734,174621521.92147315,61201548.11373489,4656.09107727617,8364.121098030048,40.91415975216993,1845.2022163960603,8743.07966707224,12.671650553361324
Dakahlia,2.338347209836202e-05,0.001046327747093952,4.27969406792749e-05,37.47198440868794,9951.023016182884,10379.847031866244,11106.326211517726,0.2463236974361517,739.5256285637761,20250.464666113316,610.1882276353812,827.6641537189087,1.8501595320314757,88.9075219811778,0.6229641611343338,1.3065088989455687,0.9824508924618621,0.010745968364631629,0.0,0.47644406219752533,29148950.294638563,43391.513041467675,2.9299283740567152,1421055764.8892953,1167360846.9024,50360274.12262784,41779686.51391752,135879728.03582278,176592012.80008715,14534.924972062137,11131.24216328795,4963.934462036122,1419.3398769332327,25326.218608997,1601.6477255079888
Damietta,3.585797694497048e-05,0.0013160605674408575,6.79711984173505e-05,24.92511230530194,72772.42952673297,74608.05410506076,10537.815143163556,0.3772248043271532,864.3006390830895,19035.24781169961,580.5732265330204,830.3470214577401,2.6996333343204904,97.2096808252021,0.5618309534663122,1.1910478830807765,0.991759124103019,0.0023911090062275426,0.0,0.4775869895880272,165541200.9940021,23109.158977380645,2.6280024086723808,1262915908.654734,1060924605.7001977,19030899.07994737,24842457.884340882,365678195.65427965,100781011.98673338,12517.292152112306,4303.679187477511,5571.167376525807,3960.6920763285907,14419.270280912418,258.06965520867954
Fayoum,1.1856005450192599e-05,0.0007538542335366835,2.962505670581942e-07,21.0879163647862,49789.00252780259,49789.038686305496,11607.221453865142,0.08429796266078977,47.4975958858637,23645.969087569567,491.33097645476244,788.4517399267618,3.677670329169547,145.08933470618743,2.130178960029044,2.8625173759376557,0.9765651972703813,7.773488133133861e-05,0.0,0.4606089172283777,21034234.460666478,26111.317314220825,11.052319760567913,972923930.9046435,720908617.043696,6249421.594578291,107493760.38728371,7613552.622044465,276051340.9076123,12467.692343236584,27848.355310187693,20200.52890602359,80.03152733982516,46309.97594101836,749.00140895064
Gharbia,2.0232576729249466e-05,0.0009294906194148364,7.678195328232455e-05,36.619504905198916,34440.56333900879,37067.270104547715,13344.694131487513,0.32246040962258415,606.194489486578,21107.78946948073,516.8025694339465,818.0289139724063,3.6328311153111508,98.36397605939861,1.4741824007359121,2.563343116244482,0.9880818222827686,0.0024321777554406243,0.0,0.4741352053928413,73132978.41886127,36891.16198209128,2.76896723839988,2010923800.8849967,1678784406.61886,114083727.82691456,31332187.33360181,40303566.78197152,188315769.41162154,19805.04056093673,19249.928874689755,3553.857311448145,426.5621961755475,26902.25949513457,944.6488454270205
Giza,3.07701396678223e-05,0.0008425109095689074,4.446910259036423e-05,20.121153070119487,27294.51894230199,27296.03620468686,9287.530741068487,0.29448782411993657,204.46206584534025,23217.110771715496,764.8755307757298,978.8791894904859,1.8315302881279099,110.77065774465795,1.539898144266347,2.004361977505636,0.8969773188050443,0.04108581949887946,0.0,0.44447027762612595,30973644.06572095,20672.043298665067,7.737278649739359,648094985.4764918,500425671.0868787,69639721.06958757,35972004.71711024,68514778.14423507,111137527.64934115,7027.296737652584,16172.20479191962,5286.792421579998,730.2680847256376,16819.863374128712,621.520840411947
Ismailia,1.5785363561164632e-05,0.0007563216518957355,2.955504469665991e-05,28.263614198096835,8932.001993715481,9317.67325663705,13420.24160358299,0.04753514429104294,557.8374860761413,21090.845116653592,173.74157093399668,272.8988187530907,0.639835213837464,24.49379820658714,0.5261383224788951,0.6690034453731308,0.2968101856304614,0.4648482315599309,0.0019230022685561834,0.36452644920742716,51259760.9822487,35503.81713141798,6.413823359486411,608115521.9059628,484349380.1948535,52061076.85293694,14660800.257585423,530068.04248473,105206659.7870716,7336.243323851234,12235.878817214601,1808.2539944784635,6.225286486710871,15866.997262436613,894.8193087998818
Kafr-El-Sheikh,9.699277181718663e-06,0.0008353207432642322,4.06145027146833e-05,50.1332165890168,7044.366687934671,8115.881792973423,12561.17535169922,0.1875278436330181,988.0677369725827,19321.088918846017,561.9248563750012,663.8624584228496,1.7818374455710564,52.25078914212838,0.6289009223748848,1.2502166127478662,0.9814163619984707,7.95885673751415e-06,0.0,0.4715229025298768,17915652.997858264,62008.2159564674,3.145837934681032,1789426309.230846,1466888266.9168124,66913524.63764226,47781690.12925617,32784398.767997734,249825109.6847404,17668.980015443824,15295.194827987858,5365.676122751609,323.55526148501247,35689.30686698233,1441.054921607349
Kalyoubia,3.2066574713393345e-05,0.0019614957635580763,0.00010091026609299197,21.224014508052235,13748.957539765586,13851.484111190319,13717.531073405784,0.35685261181005723,222.95153677062063,22153.17440140735,480.74549084319,897.349736402128,10.371644742719594,303.62838276901385,5.051720643308243,6.281818438205516,0.968760798994955,0.012089115810629089,0.001157144586407822,0.4680857098988168,25884210.38483412,16402.1439237744,5.248311242802018,660444778.482283,489953033.094031,70750289.68786813,93091483.89086926,9770909.895355172,99854119.94592932,7495.313558399919,14891.724824665176,19230.191706096222,99.71993750144932,14629.849635797338,467.95888828409034
Luxor,5.8639914538211605e-05,0.002810545414718085,8.293053798370243e-05,42.564904879969184,14937.265307475915,14946.988722372087,12946.773067907065,0.32871622254081523,4.6767288823319495,26517.974074845228,389.38672599545686,893.146534958355,5.520877661401966,64.65668869310772,6.93062356419339,9.547697178262363,0.998021481079237,0.0,0.0,0.45544727373691285,25370747.884698816,14320.487734223649,2.4762858837182256,420242269.3104581,276818371.54741603,50004044.29075017,60033465.76683078,694400.8206464243,162654925.370537,3871.9984935133634,9607.82643715788,6583.399894598405,6.460647241139508,23236.419330491794,89.23068309650648
Matrouh,3.780839141128689e-06,0.0006074732022610829,4.54983622697439e-05,89.47376978357487,7903.150701192691,7903.15760361793,9474.10882530621,-0.004298249022742158,1223.8134524857758,19664.90362084468,450.4757804786682,476.8350967402221,0.8929416627253705,13.36949011102519,0.6936270851574065,1.4026564920323705,0.5352766997669122,0.4212149748636542,0.030488186054888376,0.4714924496053783,14461728.265901823,132054.653996792,3.6218087317021066,1745336854.2514846,1315118350.0460694,178971518.48471025,156635708.4148291,2565107.7831953606,338434128.6026563,16151.163724964044,32272.071370610585,20889.085155060337,25.768847032641027,48347.74628748015,154.79020184378106
Menia,1.8734402455670465e-05,0.0010411367049854598,5.133467305024511e-05,66.70674006840481,9278.325967375613,9292.068217242437,12509.052332592111,0.19708075176595413,29.49287976915284,24796.325238567904,559.805133571981,1094.1341580969645,2.881321124422023,85.23679074413887,3.326113902229411,3.2599120183114,0.972472182079574,0.02325253152604492,0.0,0.46532020816317465,19647311.003510512,53030.56257775656,4.456670009910336,2288760776.345673,1747835642.2245963,380127257.9383432,39621255.20297157,337894212.87311274,448183945.67714024,22491.17867802887,76504.27286068472,5783.0022632543905,3462.114944567953,64026.2761712437,1192.0460353347717
Menoufia,1.4937239324988658e-05,0.0011671724921733953,0.00011439442677604727,24.630061488249158,54601.89618280083,55435.36960154348,12213.538975862331,0.2911975648660925,418.2072958177288,21988.711538309173,484.6604818044893,963.6660775866475,7.047521250925157,168.62004564953637,3.0312247294546353,4.969179967505779,0.9627886430859052,0.034314518301732,0.0,0.4761860712505206,80467730.06104174,23421.762932738748,2.668550888989326,1713270757.9300585,1414546315.2308223,133807225.68454993,53196981.05679178,49402047.211639285,137037410.8538907,17858.909576191614,22748.08964973312,6979.977599021203,514.5675086129567,19577.479345138014,757.8672516092827
New Valley/El-Wadi El-Gidid,6.0424528234347535e-05,0.0011266477383160304,2.1848233804231955e-05,13.173921949083914,3646.162834379756,3673.301057055977,9761.35844439042,0.12989823032200282,6.915741286184007,27329.838557860807,402.583146842532,1394.0254963819589,2.7778197381032244,46.25527307527432,4.366048121406576,4.405820296681062,0.9884224816046591,0.009531785157105682,0.0,0.45481923367477456,18569915.499707144,9147.571990402586,4.344682026451517,275816719.8997518,161042727.07462537,39404149.09847582,105366973.43219434,13043798.504199855,68378973.71364705,2606.3999628053625,6541.98741212907,13136.61814420484,124.2102798419941,9768.425712989196,41.990806291063365
North Sinai,2.400426092801849e-08,0.0008939392511217331,1.446240971921319e-05,19.39429664611816,13.99325919984995,14.85370880729728,15225.37136118178,-0.0205,770.0915801687024,19839.2516804051,122.3398961828693,194.2241597952164,0.3191685556696778,6.075253219961686,0.281260036990491,0.1715722690956062,0.0,0.7107126002831524,0.0,0.34183762685954466,55685.89313603766,20529.669921875,11.453023842402867,24012168.3046875,14079201.0,539966.3,8405095.0,1466542.8,9300765.0,3550.1806899999997,4310.1501,1152.6475,14.6523,5776.8765,0.014594786191668329
Port-Said,1.986297743456094e-05,0.0007452910541138255,1.0755100321462515e-05,26.615333342535767,8277.71191830845,8985.279953762538,15772.473130203001,-0.15925229834858157,757.4785991819589,20366.225032281844,336.1644641527526,397.7646567025682,0.4229005523335614,7.879860481680308,0.37454854617973654,0.4307437522021593,0.23860410928437686,0.606082126778528,0.0,0.4065740952374439,60031535.425489955,37249.17713524258,8.862940863171145,298638652.8929511,238805589.37552705,537789.1086551714,5784774.86471375,850343.3361967421,72231735.7317683,6574.316998930095,9227.11601005048,749.0126439596118,8.41794143705319,14766.967260716101,255.2052888158466
Quena,6.630040785604844e-05,0.0025050989645249897,6.776535986210868e-05,31.254727148701225,11245.159692457824,11264.62135338833,10286.870326399698,0.2805556593883039,6.982944418541581,26673.308064992914,424.0683196781569,1057.2497787335572,5.665976842746718,80.79479394800488,7.384313058650575,9.118263577314533,0.9981867318899644,0.0,0.0,0.45666333028456707,21491453.391644426,11335.698762553018,3.0577045306430595,386668057.59175897,251769046.6025907,51389411.714199215,58008070.8638136,187970628.11146206,130236408.32016653,3597.028394815702,9185.212717174078,7100.535130440679,2052.401924141113,18605.202461136985,694.4328158389764
Sharkia,4.349955148627286e-05,0.0011342038259219104,4.114529121003282e-05,53.42057693621305,17195.411878368875,17984.461541765886,12000.744102256613,0.15115483150884387,462.3359155179636,21533.52459585304,438.83543793095873,718.612519049751,3.418338326424673,116.1880144733869,1.8792279957219171,2.323773409581037,0.880378376261549,0.0917340947144238,0.001226581793183347,0.4657485743020759,76170171.89658841,52882.82234110254,4.638101308383376,1562504459.005967,1248302428.9455404,122058569.66340533,14289066.462507525,4747072.850574353,301578360.08511394,15565.233123418198,28235.176002645894,1949.8262298040781,48.092599308600306,43553.90417726028,2216.949837298426
Suez,6.2769539080928216e-06,0.0005472172424958883,1.0507909199330591e-05,12.321444608882876,3659.1438197095363,3884.145645109595,11501.771467753,0.1264088066210246,929.1332536414224,20715.21537521878,189.81648619960131,232.667214911609,0.23360292788671566,5.083895185506839,0.17233156662117155,0.1656014695548622,0.0,0.6516438509822421,0.0,0.30984600064365203,21626652.324055433,21918.688918386706,5.06471611006185,210043060.5958154,161743383.3895388,11477552.480080083,29628157.47315484,343106.2488674953,23847500.322776526,3463.261401806927,4261.906856427063,3810.7591823729417,4.594378935562204,3406.7863709478193,135.01160354947802
Suhag,1.3228273372362005e-05,0.003238122745177592,0.00013794115533351093,95.1334922300226,6247.700309713608,6248.930571363177,10849.340294440193,0.2609527498314634,17.538758027453422,26202.28116954493,359.8632549966525,1447.0216088823452,9.150196177474262,221.36443512656936,10.61900754197041,10.744600088016291,0.9952084138351973,0.0,0.0,0.4583609162381758,3124502.350415422,27602.268652831346,2.2771909362526017,2379034876.760578,1759103179.773579,496854621.8887188,13131899.341299193,3227388.0918396874,626166368.361495,23162.681529487712,77717.80549207858,1633.716525085446,35.35827980008955,89452.34575329343,746.6456018603676
